movie,sentence,score
디어 에반 핸슨,이미 뮤지컬을 알고 넘버들을 좋아한 사람으로 개인적으로 영화를 보고 난 후유증이 컸습니다. 같이 본 제 친구들은 아쉬웠다고 하지만 저는 주인공의 상황과 감정에 너무 공감이 가서 계속 생각이 나네요. 하지만 원작과 내용을 모르고 보는 분들에게는 확실히 내용의 찝찝함? 아쉬움이 남을거라 생각이 들긴해요. 저 혼자 조용히 인생영화에 포함되는 거 같아 아쉽지만 위로를 바라시는 분들은 한 번은 봐보라고 하고싶네요. ,10
혼자 사는 사람들,슬기야.. 너 슬기 맞지? ,6
디어 에반 핸슨,"배우들의 연기와 ost는 정말 좋았다.하지만 주인공의 감정선도 이해할 수 없었고,전체적으로 점점 영화가 지루해져갔다.최근 본 영화 중 가장 최악... ",1
캐시트럭,제이슨 스타뎀의 액션이 좋았는데 짧아서 아쉬움. ,5
장르만 로맨스,나름 재미있었고 영화관에서 모르는 사람들이랑 피식피식 웃으면서 볼 수 있어서 좋았음 일상적인 이야기이지만 감동도 있고 연출도 기존 영화들에서 볼 수 없었던 느낌이었음. 곱씹어볼수록 생각하게되는 영화. 다만 중반에 조금 지루했었던 것 같음 ,8
부산행,유치하고 허접하다. 헐리웃 좀비영화 어설프게 베낀영화인데 거품이 너무심하다. ,2
샹치와 텐 링즈의 전설,이거 마블 영화 맞냐? 수준낮은 중국판 할리우드 3류영화.. 보지마라 ,1
이터널스,"영상미는 뛰어나나, 세번이나 졸았다... 나만 그런 거 ㄴ아닌듯 ",2
이터널스,"영상미는 뛰어나나, 세번이나 졸았다... 나만 그런 거 ㄴ아닌듯 ",2
이터널스,"한줄평 : 이 영화는 PC충도 아우르고 전통적인 것도 아우르고 싶은 마음에 이것저것 넣다가 나중엔 너무 많이 넣어서 짬뽕이 아닌 음식물 쓰레기 맛이 되어 버린 것 같음.1. PC충 입맛 맞추기 위해 별 쓸데없는 요소들을 집어넣음. (장애인 등장? 근데 왜 등장함? 제작된 존재인데 그럼 말을 못하는 대신 뭔가 특별한 무언가를 넣어줬어야지... 생사를 오가는 전투현장에서 의사소통의 어려움은 팀의 멸망에 기여함... 제작된 존재가 왜 게이임? 꼬마애는 왜 날아다니는 엑스맨 좋아함? 주인공급 커플은 왜 느닷없이 해변가에서 관계를 가짐? 제작된 존재이기에 인간의 완전한 감정과 마음은 없는 설정이던데... 생식기능은 달아줬나? 자유의지 안 줬다면서 뭐 거대 괴수를 막으려는 거는 자유의지 아닌가? 그리고 막판 자살 테크는 뭐임...)2. 인류의 사회/과학/기술/문학 발전 등의 모든 것을 이터널스라는 집단이 행했으나 설명과 근거, 진중함이 부족함.3. 스토리 장애 수준임.4. 캐릭터 설정 부실. 예를 들어, 길가메시, 아테나, 이카루스 등 고전 문학/설화에 등장하는 캐릭터들의 특색을 모조리 무시함.5. 파워레인저임. 모여야지 갤럭티카 포톤 캐논 쓸 수 있는 느낌. 각자는 별로 별 거 없는 애들 집단.6. 어이없는 등장인물의 죽음, 악역의 역할 및 행보 등의 부실함.7. 감정선, 캐릭터 결심의 변화가 무슨 풍전등화처럼 휙휙 잘도 바뀜.8. 배우들이 불쌍함.끝.p.s. 감상포인트가 연출과 스토리인 이유 -> 연출과 스토리가 개똥이라서. ",1
악마를 보았다,이게 평점이 9점 안넘는건 어이가 없네 ,10
킬러의 보디가드 2,죽지않는 라쿠카라차들 ,6
고양이에게 밥을 주지 마세요,뭣 도 모르면서 떠들어 대기는같은 인간인게 부끄럽다영화나 제대로 보고 떠들어 ,10
인 더 하이츠,인싸들의 파티에 낀 아싸가 된 기분 ,2
핵소 고지,"전쟁 스토리 진행은 좀 허접한데, 도스의  부상병 구출씬은 압귄입니다. ",9
듄,정말 3시간 내내 시도때도 없이 웅장한 소리 나와서 귀만 아팠다... 한참 지난줄 알고 시계 확인하니 1시간 지남... 넘 지루했고 결말은 헐... 드니 빌뇌브 실망이예요. ,6
담보,성동일의 연기에 감동받았습니다. 역시 믿고보는 배우입니다. 성동일배우님 사랑해요♡♡ ,10
정글 크루즈,똑똑한 누나와 예쁜 남동생이 조화로움 ,7
듄,역시 영화는 영화의 화법으로 얘기해야 한다. 군더더기가 하나 없이 정말 깔끔한 연출! 드니 빌뵈브는 드니 빌뵈브다. 설명충 이터널스 감독은 반성하라. ,10
극장판 짱구는 못말려: 격돌! 낙서왕국과 얼추 네 명의 용사들,극장판 27기 신혼여행이 ㄴㅓ~~무쎘음 진짜 너무너무 유치.... 그래도 짱덕이라 별5개... ,10
강릉,오랜만에 한국 액션영화 봤네요 쏘쏘~ 요즘 블록버스터니 뭐니 그런거만 보다 나름 괜춘 ㅎ ,7
샹치와 텐 링즈의 전설,전체적으로 지루함... ,4
미스터 주: 사라진 VIP,"코믹영화 아닙니다. 아무것도 아니에요, 영화 이따두로 만들지 마세요.무료라도 이런건 보지 맙시다 ",1
디어 에반 핸슨,"꼭 스토리를 이렇게 풀어야 했을지,, 나갈까 말까 백번고민 ",2
너에게 가는 길,여자친구랑 같이 봤어요 나비님의 말씀이 기억에 남아요. 가족이라는게 영양분이라고 위로를 받지 못한다면 그건 자신이 더 튼튼하게 자랐다는 뜻이라는 말이 힘이 됐어요! 감사합니다 ,10
블랙 위도우,여자들이 멋지고 또 멋지다. ,9
맨 인 더 다크 2 ,아역의 연기가 좋았다. ,4
너에게 가는 길,이 영화는 어린 아이부터 노인까지 모두 봐야합니다. 그 누구도 차별의 권리는 없습니다. 인권 영화이고 가족영화이고 여성영화이며 모두의 영화입니다. 사람에 대한 영화이고 이 세상의 모든 사람들이 행복하게 사는 세상을 꿈꾸며 만든 영화라는 생각이 들었습니다. 청소년 자녀에게 꼭 보여주고 싶어요! ,10
이터널스,"난 개인적으로 정말 재미있게 보았음. 액션 위주는 아니지만, 영상미도 좋고, 페이즈4 도입부에 대한 내용에 대한 기대감도 좋았음. ",10
명장,여자는 내로남불? 워선! ,6
해리 포터와 마법사의 돌,몇 번을 봐도 설레는 영화 ,10
007 노 타임 투 다이,No Time To Die ,7
베놈 2: 렛 데어 비 카니지,역시 1편의 벽은 넘기 힘든가보다. ,6
프렌치 디스패치,웨스 앤더슨 감독 특유의 유머와 재치넘치는 스토리와 영상속에서 느껴지는 묵직한 느낌이 너무좋다 ,10
이터널스,마블팬 의리로 봄. 여기 저기 사랑타령 지루함. 그래도 다음편은 볼 예정. ,4
왓칭,최근에 본 영화중 최악.. ,1
콜,영화 빽투더퓨쳐 타임루프 법칙+스릴러. 사이코 전종서 연기가 돋보인다. 이 영화의 교훈 후회하지 말고 부모님께 잘 하자. ,8
이터널스,레알 재미가 없다 보는 내내 잠와서 잤다ㅋㅋ이정도로 재미없을줄 몰랐는데 앞으로 마블 시리즈 깊히 해야쓰것다 ,1
CCTV,곽도원은 왜 이런영화에 나왔는가가 보는 내내 머리속에서 떠나질 않음 ,4
싱크홀,만드시느라 고생하셨습니다. 감독님도 고민이 많으셨을듯 합니다 ,5
장르만 로맨스,웃음도 있고 감성도 있고 ,6
레드 노티스,킬러의보디가드2를 걍 그렇게 봐서 그런지 이번에는 데드풀1 못지않은 드립에 스토리 개연성도 괜찮았음 ,9
아담스 패밀리 2,웬즈데이 캐릭터 너무 매력있음. ,8
디어 에반 핸슨,연기와 노래는 좋았음. 스토리는 아쉬워요 ,8
장르만 로맨스,웃길줄 알았는데 안웃겨서 놀랐고 여러 사랑이야기 나오지만 하나도 공감이 안됨. ,2
이터널스,혹평이 많아서 걱정했는데 중간에 좀 지루하긴하지만 잼나게 봤어요 ,8
괴짜들의 로맨스,기승전결에서 결이 빠진듯한 이 기분 ,4
프렌치 디스패치,빠른듯 차분하고 지루하지만 몰입되는 영화 ,7
프렌치 디스패치,영원히 끝나지 않을 그들의 마지막 발행지 ,8
걸캅스,요즘 여경사건으로 현실 걸캅스 보는중입니다. (인천경찰) ,1
크림,아기자기한 색감과 노래들이 좋았음. ,4
졸업반,피카츄라이츄파이리꼬부기 ,1
랑종,신선한 연출. 재미있게 잘 봤습니다. ,8
007 노 타임 투 다이,장엄하게 막을 내린건데 10점을 안주면 비양심 아닌가... ,10
랑종,정말 하나도 무섭지 않고 재미도 없음 ,2
싱크홀,웃기지도 않음.이걸 200만이나? ,2
넌 실수였어,올해 최고의 병맛영화 강추 ,10
랑종,이뤤 젠장...곡성감독 영화가 이따구라니....생각이 있어없어 ,1
오피스,넘 재밌게 몰입해서 봤습니다!! ,9
후겟츠 웨슬리,엄청 뻔한 내용이지만 웨슬리의 귀여움은 뻔하지 않음. ,4
프렌치 디스패치,믿고 보는 웨스 앤더슨. 하나의 잡지같았던 영화. ,8
장르만 로맨스,역시 믿고 보는 류승룡 아저씨~넘 빵빵터지고 무거운주제를 유쾌하게 잘 풀어낸것같아요~ 특히 고딩아들역할이 넘 웃겼어요 ,10
이터널스,졸림너어무 졸림동석형과 의리로봄 ,2
이터널스,와우 제가 봤던 영화중에 제일 재미 없어요! 보다가 나왔음 제발 이 리뷰 보시고 한번 더 생각해 보시길... ,1
"틱, 틱... 붐!","30대를 앞둔, 혹은 취업 준비생들에게 공감을 줌. 현실과 이상 사이의 고민이 많이 느껴졌음. ",7
듄,지루함. 뭐하자는 건지. ,1
위대한 개츠비,진심 재미없었다.. ,4
디어 에반 핸슨,음악 많이 기대했는데 생각보다 영화 속 음악들이 다 똑같게 느껴졌음. ,4
프로포즈,이 영화를 왜 이제 봤지!! 보고 나면 기분 좋아지는 영화 ,10
007 두번 산다,007시리즈중 개인적으로 최고작품. ,10
파이프라인,유하 감독 아직 감독하나보네요 ㅠㅠ 영....이런 영화는 쫌.. ,1
올드,매덕스 20대 시절 말고는 볼게 없다 결말 이게뭐야 ,6
듄,다음 시리즈가 기대됩니다. ,10
이터널스,1점도 아까움. TMI ,1
맨발의 꿈,마이네임 이후 박희순 배우님 영화를 보고싶어 주변에서 추천받아 본 영화. 오랜만에 감동적이고 가슴 따뜻한 영화를 봤네요. 울다 웃다 정말 시간가는줄 모르고 봤어요. 실화라고하니 감독님과 축구선수들의 실제 근황도 궁금하네요. ,10
디어 에반 핸슨,영화 보는 중: 와 대체 전개가 어떻게 될까 / 영화 끝난 후: ?? ..오 노래가 좋네..^^ ,3
장르만 로맨스,감동적인 결말 느낌은 아니지만스토리전개가 넘 좋음 간만에 재밌는 영화 ,8
밀리언 달러 베이비,이 영화를 보고 이제 남은 내인생을 어떻게 살지 알았다..후회없이 최선을 다해 포기하지말고 도전한다..지금 시작한 것이 늦은건 아니다..나이가 장애가 될순 없다..이제 시작이다.멋진 인생을 위해~~부라보 마이 라이프~~ ,10
너에게 가는 길,정말 최고에요. 한번쯤 봐야할 영화 눈물 좔좔 ,10
장르만 로맨스,다른배우들도 연기 좋았지만 아들연기가 진심대박ㅋㅋ ,10
악인전,"정말 배우들이 연기를 너무 잘해서 보는내내 어색하거나 오글대는 부분이 없음.형사, 마조폭, 싸패살인범 삼박자로 연기를 정말 너무 찰지게 잘해서 보면서 감탄했습니다 ",10
온워드: 단 하루의 기적,아빠를 찾으러 기적찾아 삼만리 ,7
암살,마음이 저리는 우리의 아픈 역사 ,10
듄,"영상미,스케일이 엄청나네요. 영화관에서 보는것 강추드립니다. 2편 기대되네요. 원작을 보고 나면 더욱 와닿을 영화. ",10
프렌치 디스패치,처음 볼 땐 좀 졸렸지만 2회차땐 나름 재밌게 봄 ,8
장르만 로맨스,너무 재밌어요관계가 신기하고 솔직하네요 ,10
그녀의 가족은 잘못이 없어,"여자들이 엄마, 며느리,아내로서 삶을살면서  마음 한 곳 의지 할 땨가 없어 신앙 맹복적으로 믿을 수 밨에 없는 현실을 담아낸 영화 ",10
승리호,이맛에 영화를 보는거지. 스토리나 개연성을 떠나 영상적 쾌감에 오랜만에 영화적 만족.. ,9
터미네이터 2:오리지널,다시보고 언제나봐도 감동이고 명작입니다  지금봐도 촌스럼 거의 없어요  감독이 천재입니다 ,10
너에게 가는 길,올해 딱 한 작품만 보신다면 이 작품을 강추 드립니다. 한시간 반이 얼마나 빨리 지나가던지! 관객 모두 함께 울고 웃을 수 있는 영화입니다. 엔딩 크레딧을 놓치지 마세요! 오늘 보다 더 나은 내일을 원합니다. 함께 삽시다! ,10
베놈 2: 렛 데어 비 카니지,좀 유치해지긴했지만 재미지게 잘봄 ,10
챔피언,"주머니에서 버스 손잡이 꺼내더니 ""삼촌 이게뭐야?"" 거기서 6점. ",6
장르만 로맨스,깔끔함. 배우들의 연기가 훌륭 ,10
강릉,그냥 별로입니다. 무료에 너무 할일이없다면 보시길요 ,2
장르만 로맨스,  별로에요  속이 부대껴요 ㅠㅠ ,1
이터널스,클로이자오 감독은 히어로영화는 이제 안했으면... 마블은 더더욱! ,2
듄,연출지려버림.. 절엇어 ,10
장르만 로맨스,왜 때문에... 뭐가 재밌다는 건가ㅜ재미도 감동도 없고 내용도 전혀 이해안가는 스토리..  중간부터 자다가 영화보다 처음으로 그냥 나와버린; 역대급영화.. ,2
이타미 준의 바다,아버지가 딸에게 사랑해 한 마디 했던 것. ,10
장르만 로맨스,재밌었음. 영화관 내에서 웃음도 많이 났고 나도 되게 재밌게 봤는데 이상하게 영화관 밖으로 나오니까 옆에서 사람들이 재미없다고 함 같이 간 사람들도 루즈했다고 하고… 근데 난 전혀 아니었음. 커플 둘이 차에서 싸우면서도 운전하는 사람한테 계속 앞에 보라고 하는 현실적인 면이나 싸우고 나서도 여자 택시 태운 다음에 택시 번호 사진 찍는 작은 디테일 같은 게 너무 좋았음. 솔직히 후반은 억지 감동 짜내려는 게 보여서 아쉬웠음. 특히나 문학을 하는 사람들 안에서는 다들 성소수자나 동성애자를 존중하려는 태도를 보임. 근데 극적인 연출을 하기 위해서인지 동성애자를 너무 과도하게 안타까워보이도록 설정해서 아쉬웠음근데 아무튼 전체적으로 재밌게 보긴 함 ,10
비스티 보이즈,“너 안마였어?? 텐프로 아니고??” ,10
이터널스,별로긴 한데 볼만 함 마블 페이지4를 이해하기 위해선 봐야할 것 같은 영화 근데 정말 실망이 컸음 그냥 이 영화를 계획하지 말고 로키드라마를 조금 간추려서 영화로 내면 더 좋았을 것 같음 ,6
너에게 가는 길,모두가 행복할 권리를 이야기 하는 영화 ,10
이터널스,듄보다는 휠 낫습니다. 스토리도 괜찮았어요. 평이 안좋아서 기대안하고 봤는데 재밌었습니다. 12세인데 영화에 베드신과 동성애는 스토리상 삭제 했어야 했고 동료를 죽이는건.... ,9
모가디슈,오랜만에 본 배우들의 연기력 정말 굿! ,9
장르만 로맨스,오랫만에 웃었네요 ^^ 웰메이드 블랙코메디 ,10
크루엘라,"화려한 의상들, 우아한 패션 명칭들이 눈과 귀를 즐겁게 해 주었고, 해피엔딩이고, 애니 101마리 달마시안의 프리퀄이 아니어서 더 좋았던 영화. 크루엘라에게 애착이 갔다. ",8
장르만 로맨스,"집안 어른들과 같이 봤는데 어른들은 괴장히 좋아하셨지만, 젊은세대가 보기에는 이터널스나 샹치같이 평점이 더 안좋은 영화가 1000만배는 재밌습니다. ",3
듄,기대도 안하고 본상태인데도 잠이옴 꿀잠잘수있음 ,1
더 킹,저는 생각보다 재밌게 잘 봤는데 역시 개인의 호불호는 다양하네요. ,10
듄,스토리는 방대한 소설을 함축적으로 보여주려다보니 좀 매끄럽지 못한 부분들이 드러 있었지만 그걸 영상미 사운드 분위기가 다 커버 칩니다.  근래 나온 영화들중 대작이라 부를만 하네요ㅎㅎ ,10
장르만 로맨스,영화보다 나올뻔했어요.. ,2
스파이더맨 2,☆☆☆진정한 스파이더맨 토비☆맥과이어 ☆☆☆ ,10
이터널스,작가와 감독이 역사 문외한 ,2
샹치와 텐 링즈의 전설,마블도 중국물이 들어가니 그냥 그런저런 영화가 되버리는구나.. ,3
본 슈프리머시,쓸쓸하지만 박진감 넘치며 슬픈 이야기지만 흥미롭다. 관점에 따라 달라지는 재미가 인상적이다. ,10
장르만 로맨스,오랜만에  극장에서  크게웃고갑니다재미있었어요 ,9
이별의 아침에 약속의 꽃을 장식하자,너무슬퍼서 화났음... ,10
사요나라 이츠카,일본영화중에  가장  많이 돌려본 영화.   이 영화에서 불륜에 대해서 따지다니...   그런 순진함이 어쩌면 너무 부럽다. ,10
이터널스,재미있구만 뭘바라는지 ,10
악마를 보았다,퍼리 모기를 때려잡는디도 이유가 있으야 허는디 으아따 요것은 뭣이다냐   쥑이는 이유가 뭣이고 또 뭐땀시 고로코롬 힘들게 톡막질까지 내서 귀때기는 깜장봉지에 대구리는 개골창에 버린 이유가 뭣이다냐믹서기로 갈어서 개밥 닭밥을 줬다문 모르겄는디  영 스토리가 아니랑께 ,1
장르만 로맨스,살다살다 영화관에서 보다가 나온거 처음이네개노잼 그냥 재미없음 공짜로 줘도 안봄 ,1
리미트리스,소재와 연출밖에 없는 영화 ,6
장르만 로맨스,진짜 보지마세요 제발 ㅠㅠ ,1
이터널스,기시감이 드는건 왜일까 ,5
이터널스,이딴걸 왜 만드는지 진짜 개노잼이고 보다가 잤습니다 절대 돈낭비하지마세요 ,1
호빗 : 뜻밖의 여정,풍경이 아름답다. ,9
장르만 로맨스,평점 보니깐 토렌트 빨리 풀리겠다 개꿀 ,6
도둑들,프랑크푸르트 공항까지는 아직 3~4시간 정도 남은 상태..책이나 신문 읽는 것도 질렸고 온몸을 비틀며 자려고 해도 잠은 안 오고..할 수 없이 평소에는 재미없어서 보지 않던  영화 채널을 뒤적이다가 발견하고 별 기대하지 않고 봤던 영화 .결과는 대만족..언제 지루했냐는 듯이 작은 화면 속 장면들에  몰입해서 끝까지 봤고 보고 나니 언제 지루했냐는 듯이 생기가 넘쳤나서 공항 도착을 즐거운 마음으로 기다릴 수 있었다.액션이 좋은 영화라 영화관에서 봤었으면 더 좋았을 것 같지만 지루해 미칠 것 같던 시간을 버틸 수 있었다는 점에서 비행기 조그만 화면에서 본 것도 나쁘지 않았던 것 같다. ** 전지연 등 핫한 젊은 배우들이 있었지만 연륜있는 배우들의 연기에 뭍혔고 존재감은 안 좋은 의미로 영화에 자연스럽게 녺아들지 않고 튀는 식이라 눈에 거슬렸음. ,10
우리는 모두 어른이 될 수 없었다,어둡다.  어두운데 밝다.  앞으로 살아가야 하니 밝다.   인생이 원래 그렇다.    먹먹하다.      올해 제일 기억에 남는 영화로 정했다. ,10
장르만 로맨스,대사 하나하나가 많은 생각을 하게 만드는주옥과 같았습니다. 디테일이 돋보였습니다.좋은 영화 만들어주셔서 감사합니다.~ ,10
서유기: 재세요왕,전체관람가인데 잔인한장면이 있네요아주 별로입니다 ,1
장르만 로맨스,어른들은 재미있어 하셨지만... ,8
터미널,EBS 일요시네마 고맙습니다. ,10
호빗 : 뜻밖의 여정,대작의 시작! 재밌습니다 ,9
프렌치 디스패치,중간에 지루했던 이야기는 하나뿐이었음.신선한 이야기와 영상미는 언제나 놀라울 뿐! ,9
디어 에반 핸슨,자존감이 낮아본 적 없는 사람들은 이해할 수 없을 포인트들이 많다. 그렇지만 결핍을 겪어 본 사람이라면 주인공에게 몰입할 수밖에 없게 된다. 뮤지컬 넘버들이 빠진 건 아쉽지만 새로 추가된 노래들도 좋아 영화 보는 내내 귀가 즐거웠다. ,10
아담스 패밀리 2,독특한 캐릭터들의 다소 과감한 행동들에서 공통점을 찾게 된다는게 그들이 가족임을 보여주는게 아닐까 싶네요. 내용은 별다른 어려움 없이 잘 해결되는 가족 여행기로 살짝 집중이 안되는 어수선함이 느껴지긴 했어요. ,7
어벤져스: 엔드게임,몇 년이 지나서 봐도 마블 팬인 나에게는 기념비 같은 영화...Good bye Iron man..Good bye my hero... ,10
장르만 로맨스,솔직히 기대안했는데 기대안하길 잘했다고 생각이드네요 ,2
싱크홀,김지훈 영화는 믿거입니다. 20년 영화판에서 저런 망작만 만들기도 힘들터인데 에효~~~~ ,2
장르만 로맨스,재미있게 볼 수 있는 관계에 대한 따뜻한 시선 + 코믹 연기로 즐기고 올 수 있는 영화네요. 제목이 낚시성인 점은 아쉽지만 슬럼프에 빠진 주인공 작가가 겪는 관계와 갈등 속에서 소재거리 찾기 딱 좋은 내용이었지않나 싶기도 하구요. ,10
쎄시봉,잼있기만하구만.... ,10
디어 에반 핸슨,마지막 에반이 죄를 고하고 그것을 풀어내는 과정이 확실히 부실하긴 했지만 아무렴 어때요 살아가면서 많은 불안함과 외로움을 느낄 때 이 영화가 큰 위로를 줬습니다 가장 위태로웠던 에반을 통해서요 ,9
콜,전종서 욕 참 찰지게 하네. 박신혜는 또 시지푸스. ,7
이터널스,생각보다 노잼입니다1점주려다가 마동석의 숨겨진 과거를 알게된것도있고 수화하는 누님생각해서 2점드림이거 보려고 고민하시는분들 그냥 결말포함해서 리뷰하는 유튜브기다리는게 좋을거같아요그분들이 편집해서 10분~20분재밌는것만 추린게 더 이해도 빠르고 재밌을듯 ,2
싱크홀,아이 죽는 신파를 선택한것부터 망작의 시작 ,1
포화속의 우정,대단한영화 수작입니다 ,10
싱크홀,한국영화 역대대작 7광구의 재탄생 ,1
듄,이터널스보다 훨 재미있다.내기준에서 ,10
장르만 로맨스,보고나니 머리가 아픈 영화.생각나는대로 막 갖다 때려박아놓은 것 같은 막장드라마 ,1
싱크홀,"연기, 연출, 스토리, 웃음포인트, 결말모두 처참하다... ",2
송해 1927,부제 : 송해 선생님과 아들.마지막 하이라이트를 위해 영화가 존재한다. ,10
디어 에반 핸슨,"거짓으로 시작되었다는게 참 부채감을 주지만.. 자기 할말을 제대로 못하던 주인공이 처한 상황 속에서 그 가족들과 교류하며 점차 나아진 점이 있다는 것, 결국 자기 상상 속에서 시작된 것이기에 시작부터 잘못된 허상일 수도 있지만 자기자신을 해하는 행위가 잘못된 것이라는 것 하나는 얻지 않았을까 생각해보게 된다. ",8
안나 카레니나,19세기판 사랑과전쟁급 불륜영화로 밖에 안보임 그래도 끝은 파멸이라 그나마 후련함 ,6
장르만 로맨스,솔직히 무슨 메세지를 전달하는건지 잘 모르겠지만 그래도 류승룡 김희원 덕분에 웃었네요 ,7
뉴 오더,끝나도 끝난게 아닌 비극적인 현실. 이걸 단지 이기적이라고 할 수 있을까 싶기도.. 그럼에도 불구하고 결국 승리자라 생각되는 건 포스터에서도 보이지만 파티를 하던 그들이지 않았을까.. ,8
아이카,"애완견 닥스훈트도 제 새끼들에 젖을 물리는데, 아이카는 아픈 젖을 억지로 짜서 버리고 살기 위해 일을 해야만 한다. 지독하게 쌓인 눈처럼 켜켜이 쌓여만 가는 삶의 고단함. 일을 찾아 헤매고 배를 움켜쥐는 아이카를 따르는 어지러운 핸드헬드 촬영은 관객에게 아이카의 고난을 함께 하게 한다. 영화를 본 후 한참 동안 식욕 없어 억지로 끼니를 떼웠어야 할 정도로 힘들었다. 삭막한 가운데 간혹 비추는 휴머니즘까지도 다르덴 형제의 화법을 닮았는데 (러시아라서인지)더 서늘하고 살벌. ",9
용의자 X의 헌신,이런 명작을 이제야 보다니... 진짜 최고네요. ,10
침묵,엉엉울며봤네용 반전에반전 꿀잼 ,10
극장판 귀멸의 칼날: 무한열차편,레전드 애니. 정말 최고입니다 ,10
엑스맨: 데이즈 오브 퓨처 패스트,그러고보니 매그니토 저 야구장 제자리로 안갖다놓고 그냥 내뺐네? 이런.. ,8
무수단,글쎄 나한텐 별로...인거 같네요. ,6
호프,"죽음과 희망이 슈뢰딩거 고양이처럼. 스토리텔링의 방향이 어중간. 의사, 간호진은 모두 실제 의사, 간호사들이라고. ",6
"틱, 틱... 붐!",조나단 라슨에게 바칠 수 있는 최대의 헌사. 연출이나 음악 등이 극장용 영화인데 개봉관이 적어서 아쉽다. ,10
장르만 로맨스,너무지루해요 계속지루 ,2
장르만 로맨스,재미도 없고... 감동도 없고... 스토리는 어디갔는지 모르겠는 중구난방... 15세 이상 관람 가능 맞나요... 청소년이 담배피는 장면도 많이 나오고 하는데... ,1
시리아의 비가(悲歌): 들리지 않는 노래,"'인간애라는 게 있기는 한가요?' 시리아에 관련된 스무 편이 넘는 다큐를 봤어도 슬픔과 분노는 둔해지지도 않고 매번 힘들게. 시리아 내전의 가해와 피해, 난민을 종합적으로 담아냈다. 시리아 내전의 민간 피해 관련 단 한 편을 봐야 한다면 추천할 만. 기존 다큐에서 봤던 사건과 인물(특히 살아남아 인터뷰하는)을 보면 왠지 반갑기도.'어떻게 이런 대학살을 보고도 침묵할 수가 있습니까?' ",8
원 데이,돌고 돌아도 다시 돌아온다ㅠㅠ 있을때 잘해야 되 ,9
디어 에반 핸슨,노래만 좋았다 내용은 그닥 와닿지않음 ,7
이터널스,노잼. 이제 마블영화도 가려봐야한다 ,1
말할 수 없는 비밀,지금도 여운이 가시지않는다 ,10
싱크홀,웃음 포인트가 많아 재밌게 볼 수 있었다. 너무 무겁지도 또 가볍지도 않음. ,10
강릉,OOO기영화네제작비안들었네 ,2
듄,내용이 가문의 복수를위해 상대가문을 무너뜨리는건데~샤머니즘성격이 강하고+전개도 느려서 잘 졸다가 나왔슴다 ,4
장르만 로맨스,보기도 전에 노잼인 영화는 또 첨이네요 ,1
국제수사,연기 잘하는데 사투리 왠지 뭔가 빡침 음.. ,7
버닝,꼭 ㄸ쳐야했나요???? ,1
빠삐용,내 기억 깊은 곳에 각인되어 있는 스티브와 주제곡 ,10
칼리토,"20년만에 다시보는 칼리토..., You are so beatiful. ",10
장르만 로맨스,주말에 가볍게 웃으면서 재미있게 잘 봤습니다 평점 8점 영화인데 평균 올리려고 10점 줬어요~~ 오랜만에 영화보는데 시간 가는줄 모르고 재미있게 봤네요~ ,10
베놈 2: 렛 데어 비 카니지,베놈1 봐서 봤지만 딱 킬링타임용 ,7
장르만 로맨스,"코미디 아니고 시트콤 느낌의 드라마임. 주인공과 얽힌 여러 사람들과의 관계에 대한 이야기. 초반에 복잡한 관계들을 몰아놓고 후반으로 갈수록 하나씩 풀어나가는 이야기라 뒤로 갈수록 코믹한 요소는 줄어듭니다. 코미디같이 더 빵 터질것이 있나 기대하고 보면 실망할 수도 있는데, 드라마라고 생각하고 보니 살짝 웃으며 끝남. 장르가 애매하니 기대치에 따라 평점이 천차만별인건 어쩔 수 없을 듯. 개인적으로는 배우들의 연기와 영상미와 BGM이 마음에 남았는데, 감독님 감성 내 감성인듯.. 그리고 배우님들 연기가 너~~~~무 좋았음 ",10
라보엠,"국내 자막이 불친절하지만, 그럼에도 무대 연출을 영화로 새롭게 녹여내면서 오페라적 요소도 끝까지 지키면서 다양한 볼거리를 충족시켜 주어 좋았다. ",7
이터널스,정말 보기 힘드네요. 액션을 기대하고 갔으나 ㅠㅠ아들아 미안하다 ,6
강릉,진짜 사투리를 너무못함. 못해서인지 중간중간 서울말 섞어가면서 씀사투리 너무 못해서 영화에 집중이 안됨.내용은 그냥 죽이는거 뿐. ,2
듄,세계관이 너무방대해서 애초에 영화에 모든 스토리를 담을수가없음 근데도 알아가는 재미요소가 도랏음... 2편 기대중입니다. ,10
디어 에반 핸슨,좋게좋게 보려고 했는데.. 중간에 몇분 나가시더라구요... 끝에 알았습니다.. 그들이 옳았다는 걸... ,4
이터널스,생각보다 재미없었음 ,3
라스트 듀얼: 최후의 결투,리들리스콧은 역시 명불허전! ,8
싱크홀,Yellow submarine!!! 그리고 엔딩곡 두개만기억난다그래도 배우들에 연기는 역시 최고 ,8
강릉,그냥 같이 본 사람이 좋았다… ,9
이터널스,마블 영화 사상 최악의 영화. 캐릭터의 행동에 개연성이 하나도 없음. ,4
길,비장하지않아  더  슬픈 영화 ,8
리틀 포레스트,퇴사 권장 영화...감동도 있고 잔잔함이 있고 영상 연출이 섬세하고 보는 동안 마음이 편안합니다 ,10
싱크홀,에휴.. 좋은 배우들 데려다가 뭐한건지;; ,1
이미테이션 게임,문과top(영국판사)이 현대컴퓨터를 만든 이과top(수학영재)를 자의적 법률로 재판하고 묶어서 독살했던 이야기를 잔잔하게 풀어간다. ,8
장르만 로맨스,극한직업 생각났다 존잼 ,10
더 파더,안소니홉킨스의 연기력 ,10
생일,아픔을 이겨내고자 하는 사람들이 보면 좋을영화 ,10
고양이에게 밥을 주지 마세요,남자 평점 1.83 만 봐도 답나오죠 ㅋㅋ재밌음 ,10
장르만 로맨스,"장르는 로맨스.... 맞다 이건 불륜, 중2병 걸린 남자의 첫사랑, 이 것 또한 로맨스라는 장르로 묶여 있는 영화이다. 보다가 눈물이 아닌 가슴이 아려왔다 ",10
디어 에반 핸슨,"주인공 심리는 일반인으로 생각하면 이해 못합니다.. 항우울제, 항불안제를 복용중인 저로서는 상당부분 공감이 되더라구요. 특히나 마지막 부분에 밝혀지는 반전을 접하고 나면 확실하게 알 수 있죠. 죽은 이를 입방아에 올리며 거짓으로 행복을 쌓아올리는 과정에서 불어나는 죄책감과 불안함 때문에 많은 관객들이 불편하셨을거라고 생각해요. 우리는 보통 그런 부정적 감정 때문에 선을 넘지 않죠. 그렇지만 스스로 목숨을 끊고 싶을만큼 괴로웠던 에반에게는 거짓된 삶을 사는 것보다 이전처럼 누구도 곁에 없이 죽은 듯이 사는 삶이 수백배 더 괴로웠을거에요. 그래서 선을 넘는 것을 알면서도 멈출 수가 없었겠죠. 가상이지만 코너와 조금 더 가까워졌다고 느끼며, 자신이 듣고싶었던 위로의 말, 아마도 코너도 듣고싶어했을지 모를 말들을 스스로에게 해주는 것. 그리고 상처받은 유가족들과 익명의 수많은 이들에게 자신이 작은 도움이 된다는 사실. 그게 나무에서 떨어진 후에도 자신을 계속해서 살도록 만들 유일한 해답이라고 믿었을테죠. 물론 그 생각은 당연히 틀린 것이지만요. 에반이 저지른 일은 나쁘지만 거기에 대고 손가락질하고 싶지는 않아요. 죽음보다 끔찍하게 여겼던 혼자의 삶, 모든 것을 책임져야하는 최악의 상황에서 도망치지 않고 기꺼이 살아가기를 선택한 용기에 박수 치고 싶어요. 극이 끝난 후에도 여전히 에반은 친구가 없고, 돈이 없고, 엄마는 여전히 바쁘겠죠. 모든 것은 제자리고 인생은 한순간 나아지지 않을거에요. 나 역시 자주 죽음을 생각하다 이내 마음을 고쳐먹지만, 살기로 결심한다면 그 순간부터 진짜 사투가 시작되리라는 것을 알고 있어요. 그렇기에 진정한 용기를 얻고 싶은 사람들에게 추천하는 영화입니다. 우리는 혼자가 아니고, 함께 이겨낼 수 있다고요. 한심하고 용서할 수 없는 나 자신에게, 다시한번 기회를 주는거에요. 친애하는 나에게(Dear me), 진심을 담아 내가요(Sincerely, Me). ",8
고장난 론,뻔한 스토리이지만 재미 있게 봤습니다. 미취학 아동들에게는 조금 어렵네요. ,7
듄,떡밥만 던지고 킹받네 ,1
싱크홀,넷플로 봤는데 생각보다 재밌었어요. 만족스러웠음. ,10
악인은 너무 많다 2: 제주 실종사건의 전말,너무 재미없어요 ㅡㅡㅌㄷ ,10
파이트 클럽,할말이없다 10자 10자 10자 ,10
파이트 클럽,할말이없다 10자 10자 10자 ,10
고장난 론,큰 기대 없이 봤는데 생각보다 더 감동적이었어요. ,10
이터널스,그냥 보면안되는 영화.... ,1
펄프 픽션,어릴때 비디오 출시되자마자 하도 유명해서 초등학생때 봤는데 정말 너무 너무 지루했어요;; 하품을 몇번이나 했는지.. 근데 나이가 먹어갈수록 나이가 들수록 다시보면 볼수록 이 영화 정말 정말 재미있고 느껴지는게 다릅니다.. 어른들의 영화라고 할까요.. 그 시절에는 정말 센세이셔널했겠다 싶습니다. ,10
이터널스,듄이 10점 이라고 한다면 이터널은 4점 입니다sf 좋아하는 저는 극장에서 어지간 하면 몰입 하는데햐~ 이거는 아니네요 ,4
장르만 로맨스,"매력있는 사람들과 매력있는 내용, 매력있는 영화였다. ",10
장르만 로맨스,기대이하네요..재미없어요 ,1
강릉,김세준배우가 연기한 회장님의 뜻을 지키려는 의리파 유오성. 결코 약한게 아니라 의리를 지키려했던것뿐! 장르의 특성에서 영화적으로만 본다면 장혁의 나만을 위한 욕심과 유오성의 우리를 위한 의리.믿고따르는 오대환! 재밌게 봤습니다! 장혁의 광기어린 역할에있어 초반 씬에 기대어 후반부에 유추했어야하는 부분도 있었어요! 깊은 의미를 두지않고 회장님 대사와 유오성 오대환의 역할에 따라가면서 이 영화를 본다면 재밌었어요. ,10
듄,SF장르를 좋아하는 사람들은 재미 있어 할거 같습니다. 영화를 보고 원작에 호기심이 생겼습니다 ! 저는 추천 합니다 ~ ,10
장르만 로맨스,훌륭한 대배우들을 데리고 ㅠ 이런영화를 찍다니혼동그자체내가 문해력부족이야?이해력부족이야그생각하다 영화끝남 ,2
프렌치 디스패치,자막이 빨라도 너무 빨라서 자막 1/2는 이해 못했음... 웨스 앤더슨 영화답게 영상미는 정말 아름답고 적어도 2~3번은 초집중해서 봐야 온전히 이해할 수 있을 것 같다. 자막이 빠른것도 빠른건데 번역이 너무 불친절했음. ,7
터미널,우연히 방송을 통해 보게 됐다. 이번에 처음 본 영화가 아니데… 마지막 장면까지 시간이 가는줄 모르고 보고 있었다. 작은 감동과 재미까지… 주연 외 조연들의 연기가 훌륭한 작품! ,10
원탁의 천사,감동적이네요 눈물 펑펑 쏟음 ,10
레드 노티스,"똑똑한 빌런들을 만들고 싶은데 제작진들 실력이 부족하니 세계관 전체 지능을 낮춰버렸네... 너무 가벼운 통수의 연속이라 속임수나 통수가 나와도 별느낌이 없음... 그냥 난 사실 이렇게 저렇게 했지롱~ 이라하면, 그랬니? 난 이러이러저러저러했지롱의 무한 반복.... ",6
팅커 테일러 솔저 스파이,잘 봤습니다 ,9
레드 노티스,어마무시한 셋 모아서 쫄작을 만들다니. 감상포인트 없다 ,2
강릉,개 노 잼유오성 형님 오랜만에 봐서 좋았습니다. ,1
에이리언 4,우주공포물 장르를 제대로 살려낸 수작. 아트팀이 정말 고생한듯함. 음향 시각 조명 뭐하나빠질 것 없이 완벽하다. 에이리언이 달려오는데 총쏠생각없이 도망만 치려는 모습이나 동료가 소리치는데도 뒤늦게 총을쏜다거나 하는 디테일함이 아쉽지만 시고니위버를 다시 등장시키면서도 어색하지않은 시놉시스가 좋았음. 해피엔딩까지! 4편이 개인적으로 2편 다음으로 가장 재밌었음 ,10
장르만 로맨스,후..역시김치영화는 돈주고보는거아니다 예고편에 속아 기대하고 본 내가OOhin이다.뜬금없는스토리전개..그래서하고싶은말이뭐냐??이도저도아닌장황한 관계설정..류승룡가지고 뭘한거지? ,1
싱크홀,119는 아무것도 한게 없네요. ,6
터미널,감동그자체ㅜㅜ...! ,10
아름다운 청년 전태일,이런 쓸데없는영화사회분열을 조장하는 못사는시절에 있던일을 미화시키는 이런건 만들면 안된다이런게 왜곡이다 ,1
장르만 로맨스,대박 이런 영화가 나오다니 ,10
이터널스,그냥  기대없이  보시는게 ..  지겨울수도 있습니다  .. ,2
싱크홀,재밌고 감동적입니다. ,10
인 더 하이츠,인 더 하이츠 ,7
터미널,언제봐도 기분좋아지고 눈물 쏙빼는영화 ,10
귀멸의 칼날: 나타구모산 편 ,캬 좋아요 꼭 보세용!! ,10
터미널,꼭 보길~따뜻해지고 싶은사람들은. ,10
캐시트럭,재밌어요! ,9
극장판 귀멸의 칼날: 무한열차편,너무 재밌어요! ,10
시동,그럭저럭 볼만한 오락영화로 배우들이 좋다 ,7
터미널,진짜 많이 재밌었다. ,10
터미널,진짜 많이 재밌었다. ,10
터미널,진짜 많이 재밌었다. ,10
싱크홀,재밌었다 ㅋㅋㅋ 존버해서 오늘 넷플로 봤는데 재밌넹~♡ ,8
"쿠오바디스, 아이다",너무 가슴 아픈 역사입니다 ,10
소울,매 순간을 즐기며 최선을 다하는 인생을 살자 ,10
장르만 로맨스,이상한 맛에 보는 여러가지 로맨스의 탈을 쓴 엉망진창 우리 사는 이야기 ,5
프렌치 디스패치,재밌다 앤더슨 영화답다 ,10
보스 베이비 2,너무 웃겨요 재밌게 봤습니다! ,9
터미널,빡빡이새끼 억지에 고집 오지네 전형적인 꼰대 ,10
터미널,빡빡이새끼 억지에 고집 오지네 전형적인 꼰대 ,10
터미널,빡빡이새끼 억지에 고집 오지네 전형적인 꼰대 ,10
랑종,무섭다기보단 기괴해서 좀 불쾌해요 재밌게 봤습니다 ,7
싱크홀,코믹도 있고 감동도있고 가족들과 함께 보기 좋은영화에요~^^ ,10
얼굴없는 보스 : 못다한 이야기 감독판,뭐 볼게 있다고 감독판까지 내냐? ㅋㅋ ,2
장르만 로맨스,내용도 그닥 재미도 없고 30분 졸았음. 보지마 ,2
블랙 위도우,재밌는데 좀 아쉽네요 ,9
귀문,시작은 뭔가 있을듯했으나 시작만 거창하고 나머지는 그냥 소리만지르다 끝남!엔딩도 허무하고 그냥한마디로 별로임. ,2
터크 애버래스팅,배경도 의상도 주인공들도 너무 예뻐서 눈호강 하는 영화예요 여운이 깊게 남을 것 같네요 ㅠㅠ ,10
싱크홀,신선하다~~~~!!차승원개간지ㅜㅜ ,10
싱크홀,재미는 있어요 ㅋㅋ차승원ㅋㅋㅋㅋ 전 차승원 얼굴만 봐도 웃겨요ㅋㅋ ,8
암살자들,놀랍네요 ,10
싱크홀,웃음코드 잘맞아서 전 재밌게봄ㅋㅋㅋ리뷰보면 확실히 사람마다 개그코드가 다른듯..극한직업 이런건 재미없었는데 이건 박장대소함ㅋㅋ ,10
샹치와 텐 링즈의 전설,개존잼!!!! 이게 액션이지 ,10
프리 가이,너무 재밌어요! ,9
굿타임,들개같이 내달리는 쩌는 영화 ,8
이터널스,마블영화붕에 이렇게 재미가없는게 또나올줄이야.. ,2
이터널스,마블영화붕에 이렇게 재미가없는게 또나올줄이야.. ,2
이터널스,마블영화붕에 이렇게 재미가없는게 또나올줄이야.. ,2
너에게 가는 길,용기를 위로를 아낌없이 주는 영화 ,10
이터널스,나름 재밌게 보긴 했는데 그 전 마블 작품들보다는 떨어지는건 사실 다만 셀레스트리얼 묘사와 마블의 웅장한 세계관을 그려보려하니 연출이 힘들었던듯..그래도 후속편 기대할게요 ,7
그린 나이트,어려운데 지루하진 않았어요 재밌게 봤습니다~ ,8
싱크홀,전체적으로 낮은 수준 붕뜬 분위기 발연기 ,2
장르만 로맨스,가볍게 시작부터 끝까지 웃으면서 볼수있는영화 ㅎㅎ ,10
싱크홀,"휴...., .... ",1
모가디슈,너무 재밌게 봤습니다~ ,10
이터널스,"서사 깊은 유일한 마블, 색달랐고 영상미는 마블 중 최고 ",7
더 수어사이드 스쿼드,재밌어요~ ,8
세버그,과연 20대 여성이 좋아하는 이유가 있군요 ,1
"극장판 포켓몬스터: 정글의 아이, 코코",감동적이에요 ,8
해리 포터와 마법사의 돌,몇 번을 봐도 재밌어요 ,10
동네사람들,왤케 평점이 낮지??! 기대없이 봐서 그런가!. 그냥 보기에 괜찮았어요 ㅎㅎ 암튼 한마디로 아저씨2탄 같은 영화! 잘 봤습니당 ,8
이터널스,진짜 재밌어여여여!! ,10
너의 이름은.,재미있어요! ,10
싱크홀,재미는 하나도없고 보는내내 가슴이 답답함 ,1
날씨의 아이,재미있어요~ ,8
007 노 타임 투 다이,이걸보기전에 전편 스펙터를꼭보고보셔야 스토리완성도가높음  레아세이두 이쁨 괜춘햐 봐봐 ,8
샹치와 텐 링즈의 전설,재미있어요~ ,8
고장난 론,론 너무 귀여워요 ,8
007 노 타임 투 다이,너무 아쉬워요 ,7
베놈 2: 렛 데어 비 카니지,좀 아쉬운데 재밌어요 ,7
다키스트 아워,마음을 바꾸지 않는 사람은 아무것도 못바꾼다. ,10
랑종,왜 평점이 낮은지 이해가 갔어요 ,2
베놈 2: 렛 데어 비 카니지,카니지가 이렇게 허무하게 사라질 줄은.. 쿠키영상은 좋았다. ,6
용과 주근깨 공주,노래는 너무 좋았습니다 ,6
그래비티,다시 봐도 재밌네요 ,8
비스티 보이즈,뭔가 애잔함이 있음. 저쪽 세계는 진짜 저러할 거 같음. 누가 다큐멘터리라고 했는데 그말 찰떡.. 한번 저 세계에 발들이면 영원히 못빠져 나올듯...윤진서 마지막 연기는 진짜 너무 어설펐음.. 완젼 예쁜 텐프로 설정도 좀 아닌듯... 윤계상은 아직 연기 초보라 그런지 초보티 많이 남... 아쨋건 내용이나 연출은 2021년에 봐도 그리 나쁘지 않은듯 ,7
장르만 로맨스,그냥 그냥 심심한 영화이다. ,5
"틱, 틱... 붐!",노래가 너무 좋아요 재밌게 봤습니다~ ,8
조작된 도시,생각보다 너무재미있게봤어요 ,10
재혼의 기술,어휴 그나마 러닝타임이 짧아서 다행.. 안주는 맛있겠네 ,5
싱크홀,"기대하며 봤는데.. 좋은 배우들 고생한 것만 눈에 보이고, 연출 대본 너무 아쉬웠어요. 심각한 상황에 긴장감이 아닌 시덥잖은 개그요소를 넣었고, 어느 장단에 맞춰야할지 난해했어요. 진짜 이런 일이 생겼을 때, 영화에서 처럼 행동하면... 제발 그만해! 이러다 다 죽어! ",4
제8일의 밤,재미없어요 시간 아까워 !! ,1
걸캅스,팩트 여경은 사건이 터지면 시민을 냅두고 도주를 한다! ,1
싱크홀,"억지 웃음,감동  최근본 영화중 최고인듯....시간낭비 ",1
귀멸의 칼날: 남매의 연,귀멸의 칼날:남매의 연 ,8
귀멸의 칼날: 나타구모산 편 ,큰 화면으로 보니 좋네요 재밌게 봤습니다~ ,8
듄,파트2가 기대되네요 재밌게 봤습니다~ ,8
프렌치 디스패치,자막 읽느라 바빴지만 재밌게 봤습니다~ ,8
이터널스,왜 재미없다고 하는지 알듯  스토리가 무슨 왔다리 갔다리 사랑꾼들이야 아주 .. 솔직히 배우들 연기땜에 보는듯 ,4
너에게 가는 길,길을 걷다가 문득 뒤를 돌아보았을 때 따뜻한 눈빛으로 계속 그 길을 가도 좋다고 격려해주는 사람이 있다면... 그리고 그 사람이 내가 힘들어서 주저앉고 싶을 때 앞에서 나와 함께 걸어준다면... 우리가 힘들 때 다 그만두고 싶을 때 힘을 보태줄 다른 사람들이 곁에 있다면...가시밭길도 어둠도 두렵지 않을 것이다. 그 희망을 두 어머님을 통해서 보았다. 몇 번 울컥하는 걸 참았는데 그 이유는 내 앞과 왼쪽에서 울고 있는 분들보다 울음을 잘 참는 사람이기 때문에...이 영화 모르는 사람 없게 해주세요.많은 사람이 영화를 봤으면 좋겠다. ,10
장르만 로맨스,예상 밖의 스토리. 재밌게 봤습니다~ ,8
이터널스,이터널스 ,5
장르만 로맨스,출연배우가 좋아서 선택했음 ,7
디어 에반 핸슨,배우들마다 연기도 좋은것같고 OST도 너무 좋았다 호불호는 있을것같지만 나는 재밌게본것같다 뮤지컬좋아하는 사람들은 좋아할것같다 ,10
강릉,돈아까움 안본눈 삽니다 ,1
이터널스,영상미는 마블답게 겁나 짱짱하고 마동석의 싸대기를 마블표 액션으로 볼 수 있는 것은 진짜 최고다. 근데 마무리에 개연성이 좀 떨어지듯이 느껴지고 후속편에 대한 예고로 깔끔하지 못한 마무리가 갠적으로 많이 아쉽다. 설정에 대한 설명을 하는 씬이 길어서 그것도 좀 아쉬운 부분이다. ,8
디어 에반 핸슨,남주가 신동엽 닮았어요. 그래서 뭔가 몰입이... 물론 뮤지컬영화라 음악은 좋았지만 중간중간 지루했던.. 남주 행동도 조금 이해안가는 부분이 있었고..그래도 나쁜영화는 아녓습니다. ,8
싱크홀,재미만있구먼평점 뭐징ㅋ ,10
디어 에반 핸슨,"배우들의 연기와 노래만 좋았음.원작을 모르고 영화만으로 처음 접한 내가 보기엔스토리개연성이 너무 뚝뚝 끊겨서 뭘 말하고자 하는지 확실하게 모르겠음.그저 심신미약을 옹호해주는 영화인가 싶음.주인공이 정신적으로 힘들어서 자살하려 했다는것과 주인공이 거짓말한건 전혀 별개의 문제라고 생각함.자살하려 했다는걸 가지고 주인공이 어떤 심정으로 거짓말을 했을지 이해가 된다는 사람들이 이해가안됨주인공이 코너가족에게 자신이 부족한걸 가지고 싶었기에 거짓말을 했다고 고백하는 장면과 모든건 거짓말이었다고 인스타에 올리는 장면이 있는데이걸 용기있는 행동이라고 옹호하는것도 이상한게, 너무 주인공 입장에서만 생각한거같음.현실에서 누군가가 저런 거짓말을 하면서 유가족과 친해질정도로 가까워 졌다면 진실을 알았을때 난 소름끼칠것 같음.그걸  잘못을 고백하는 용기! 이러면서 옹호하는게 맞는건가 싶음후반부에 주인공이 거짓말 한걸 만회하려고 노력하는 것처럼 연출하긴 했지만 글쎄;이 영화가 나에게 감동을 주지 못한건 모든사건이 거짓으로 부터 시작해서 그런거같기도 하고어디서 감동 포인트를 잡아야 되는건지도 모르겠음힘든사람 많아요! 함께 이겨내요! 하는게 감동 포인트인가?그러기엔 영화 내용이 그걸 중점적으로 잡지 못한거 같은데또 위와는 별개로 조이가 하는 대사중에 '오빠가 죽고나서 친한척 하는 애들이 많아졌다'이런 내용이 있는데 이때까지만 해도 평소에 관심없다가 죽으면 RIP거리면서 인터넷으로 추모 하는걸 비판하는건가 싶다가도 영화를 계속 보다보면 그런것 같지도 않음 ",4
학교 전설,뭔가 옛날 쯔꾸르 겜같음 ,6
이터널스,기대를 안하고 봐서인지 재미있게 잘봤어요..서사 내용이 길긴하지만 중간마다의 액션씬과 영상미가 좋았고 마동석과 안젤리나졸리의 케미가 좋았습니다 저는 재미있게 잘봤어요♡ ,9
강릉,엄청  재밌게 봤어요배우들의 연기도 감동추가요 ,10
더 퍼지: 포에버,"이제 피해자 관점이 아니라, 가해자 관점에서 이 영화를 써 내려가는 것도 괜찮을 것 같다.기생충처럼 부자가 악인이 아니라, 사회적 약자가 악인이라는 메시지를 던진 것처럼 말이다. ",10
듄,영상미가 인상적입니다. ,8
장르만 로맨스,무슨내용인지 1도모르겠음 ,1
해바라기,굿!굿!굿!굿!굿!굿! ,10
호빗 : 뜻밖의 여정,재미있어요~ ,8
너에게 가는 길,따봉 따따봉이었습니다. ,10
마계의 딸,개어이없어 ,7
장르만 로맨스,망작 유치 내눈 아 시간아까워 ,2
베놈 2: 렛 데어 비 카니지,베놈 1편 기억 안나시면 꼭 보고가시는걸 추천드려요 ,9
이터널스,스케일은 큰 듯 내용은 시시와 유치 사이 ,6
이터널스,평점이 낮아서 별로 기대안했는데 저는 한번도 안졸고 즐겁게 잘봤습니다~! ㅎㅎ ,10
아바타,평점 왜이러냐..9점 후반은 돼야지 ,10
마법에 걸린 사랑,10년전 고2 기말고사 끝나고 정컴시간에 선생님이 처음으로 이 영화 틀어줬음.. 처음엔 다 이게 뭐냐며 집중 안했는데 어느새 반 아이들 모두가 화장실도 안가고 집중함 ㅠ 여고생의 맘이 몽글해졌고 10년이 지난 지금도 생각 날때마다 계속 보는 영화.. ,10
이터널스,ㅈㄴ 재밋는데 왜 재미없다구 하세요 ㅠㅠ 마블 좋아하는사람들을 진짜 재밌게 볼수 있을듯요 ,10
싱크홀,웃음 눈물  감동 자체입니다. ,10
장르만 로맨스,사랑이란 누가하든 누굴 사랑하든 관계성과 상관없이 아름다운것 이다...쓸데없이 집착할 필요도 복잡하게 생각할 필요도 아파할 필요도 없다그저 그 자체로 아름답고 소중한 것이다 ,10
레지던트 이블 4: 끝나지 않은 전쟁 3D,근데 어디서부턴가 영화액션신이 처음부터끝까지 슬로우모션으로 느리게 연출하더군요  긴장감도 없고 러닝타임 날로먹네  액션신이 정말 지루해요 ,4
1984 최동원,영화잘봤습니다 최동원선수가 롯데 레전드이지만 앞으로 꼭기억하겠습니다 ㅠ ,10
프렌치 디스패치,믿고보는 웨스 앤더슨 영상미 ,6
싱크홀,넷플로봐서그런지 욕나올정도는아니고 그럭저럭이였음 돈주고 극장가서봤으면 좀 힘빠졌을듯.. 근데진짜 마지막장면은최악 폭죽도 노래도 진짜 전형적인 와 진짜마지막을 왜 그렇게 끝냈는지 정말 모르겠음 ,6
응징자,전 존나 재밌게 봤습니다. 간만에 희대의 명작 나온듯요. 두 남자 주연 배우의 미친 연기력이 돋보였구요. 그리고 이 감독 영화 특징. 미녀 배우가 많이 나온다는 점. 눈호강 제대로 했구요. 다만 아쉬웠던 부분은. 편의점녀가 너무 불쌍하네요 ㅠㅠ 괜히 주상욱이랑 엮여서 개죽음 당하고 ㅠㅠ 주상욱...편의점녀한테 좀 더 잘해주지.에휴.학폭 하이퍼리얼리즘 지렸습니다. PTSD 오신 분들 많을듯요. 암튼 개꿀잼 영화였습니다. 이 감독 영화들 오락영화로써 나름 재밌는 영화들 많으니까 많이들 찾아보세요~ ,10
싱크홀,음.. 코믹영화일까? 그렇담 실패다 웃기지않으니까. 그럼 재난영화인가? 그럼 완전 실패다. 재난을 당한 사람들이 꼭 살아야하는데 라는 감정공유가 안된다. 웃기지도않은 재난영화. 시간낭비에 가까운 저급 콩트를 유명인들 모아두고 돈OO하는 걸로 보인다. ,2
디어 에반 핸슨,"인생 최고의 영화였어요~~  주인공의 아픔도 공감되었지만, 엄마의 마음에 더 뭉클해지는 감동적인 영화였네요 ",10
인질,와연기력다들굳 류경환연기잘하네여 ,10
007 노 타임 투 다이,나의 마지막 제임스본드 크레이그 굿바이. ,8
레일로드 워,성룡 따거 잘가요~ ,3
샹치와 텐 링즈의 전설,"마블 역사상 최악의 영화를 찾았다. 스토리, 개연성 등 기본을 망각한 채 중국 끼워팔기에 치중한 결과물. ",4
제이슨 본,"본 시리즈의 마지막은 늘 짜릿하다,, 후 이번편에도 심장 부여잡고 봤다..! 해더리도 너무 멋있었고 특히 제이슨본.. 존멋ㅠㅠ 해더리 같은 여자가 되고 싶따ㅠ 후속편은 더 안나오나..? 나올거 같은데 ",10
호빗 : 뜻밖의 여정,호빗의 위대한 여정의 시작  다시봐도 재밌음 ,10
이터널스,워낙악평이라 기대치가 낮은상태에서 봐서인지 볼만은했음 다만 마블영화치고 노잼은 맞음.. 속편을 만든다면 감독부터 제작진들 물갈이가 필요하다봄 ,7
캣우먼,여자의 적은 여자? ,6
듄,오늘부터 이 세상에서 제일 섹시한 이름 Paul ,10
장르만 로맨스,좋은 면은 많고나쁜 면은 없다! ,10
그림자꽃,간첩 미화하느라 용쓴다.감독도 간첩 아님?북조선에 가서 잘 살아라(웃음) ,1
스타워즈: 에피소드 1 -  보이지 않는 위험,약간의 어설픔은 있지만 우주에 대한 상상력을 표현한 것만큼은 인정. ,7
듄,"한마디로 시간 아깝고 돈 아까운 영화.전체적으로 화면이 너무 어둡고, 3시간을 보고 나와도 기억에 남는 장면이 하나도 없다.처음 한시간동안은 인내심을 가지고 봤지만 흥미로운 장면 하나 없어서 결국 포기하고 나머지 두시간은 졸다가 시계만 보다가 나온 영화 ㅠ이런 영화때문에 일요일 휴일을 어두 컴컴한 극장 좁은 좌석에 3시간이나 있었다는게 너무 억울하고 시간이 아깝다..ㅠ게임 매니아가 아니라면 절대 비추합니다!! ",2
싱크홀,진정 한국 감성입니다 간만에 90년대 우리나라 대표영화감성을 느껴 기분좋게 봤습니다 요즘 다양한 장르가 많이 나오지만 가끔 이런 류의 영화가 나오면 반갑고 정감있어 좋은거 같아요 ,10
이터널스,영화 되게 재밌습니다.동석이형 분량도 나쁘지 않고전체적으로 완성도 높은 영화입니다. ,8
레드 노티스,킬링타임으로 볼 만함. 화려한 캐스팅이 좋았음. ,7
이터널스,기존 마블영화에 비해 액션이나 CG가 약한감이 없지 않으나 새로운 서사의 시작인만큼 이전의 영상을 기대하지는 않았다. 나름 만족하고 다음을 기대하게 되는 영화 ,7
우리 선희,"""아~이번엔 잠수타면 안되는데~"", ""자기 생각대로 사는거지~"", ""그래~남이 해줄수 있는게 별로 없어~"" 우리 모두 선희를 바라보던 교수이자 문수이자 재학이였다. ",10
프렌치 디스패치,"빠른 편이긴 하지만 오히려 그래서 더 몰입할 수 있었는데.. 밀도높은 리듬감이 참 좋았고 화면 구성이 몹시 아름다웠다. 각 이야기들 또한 몹시 독창적이며 즐거웠고, 잡지라는 매체를 이렇게 다채롭게 영상으로 구현하다니... 이건 봐야 안다 ㅜㅜ 근 몇년간 본 영화 중 가장 좋았음! ",10
모가디슈,북한 찬양영화 개극혐이다 ,2
태극기 휘날리며,정말 볼때마다 가슴이 찡한 영화다... ,10
범죄도시,지금도 계속 재생중인데 그냥 계속 볼 수록 소름돋게 구역질나는 영화 잔인해서가아니고 특정배우 자체를 내가 너무 싫어해서 그러나봄 마동석은 아님 ,4
듄,"영상미와 OST가 잘 짜여져있고, CG와 실사가 교묘하게 잘 버무러져 있어 몰입하면서 볼 수는 있었습니다.다만, 시리즈를 안 본 사람에게는 불친절한 편이고 따라서 이해하는 데 어려움이 있을 수 있습니다.정말 좋은 영상미와 OST에 반해, 이야기는 맥이 뚝 끊기는 느낌이 들었어요~ ",7
듄,"음 이 영화 보고 아침부터 기분 안좋음..한20년전에 개봉했어야할 영화인듯..진짜 보지 마시길어설픈 연출, 내용 이상, 뜸금 전개,  최악 ",1
듄,킬링 타임용으로 좋다는거 말고는 아직은 모르겠다 볼만하고 잼있긴한데 그저 그럼 ,7
샹치와 텐 링즈의 전설,마블은 어벤져스 엔드게임 이후로 망했다영화 보는 내내 중국 찬양 영화로 밖에 보이질 않음이거 볼바엔 그냥 중국 무협 영화를 강추 ,1
싱크홀,재밌게 잘 봤어요~! ,10
듄,잘모르겠는데 재미있었다ㅎ ,9
데스 노트,"케이블에서 하길래 봤는데...   주인공이 참 일본스럽다는 느낌..  주인공은  싸이코패스 살인마로 변해가는게 아니라   처음부터  싸이코패스였던 놈이더만...   아무런 죄가 발견되지 않은 사람들의 이름들을..  진심으로 사랑해준 여자친구의 이름까지,   망설임없이  데쓰노트에 적는 연출은 엽기를  평범하게 받아들이는 일본스러움이랄까...  공감할 수 없었다 ",5
귀멸의 칼날: 나타구모산 편 ,히노카미 카구라  이걸 영화관에서 스크린으로 볼수있었음에 감사드립니다. ,10
듄,용아맥에서 봤었는데 진짜 영상미 개쩔음...ㄷㄷㄷㄷ ,10
고양이에게 밥을 주지 마세요,무지성 캣맘들의 자기위로영화 ,1
듄,환상적 정말 잘만들었다 판타지를 유치하지 않게 너무 잘 풀어냈다 ,10
장르만 로맨스,하나도 안웃김...웃기다는 평 보고 기대하고 갔는데 진짜 별로 안웃김..재미없음..노잼.. ,4
퍼스트 카우,한시간만 참으세요. 그 뒤엔 서스펜스 ,7
디어 에반 핸슨,정말 오열했습니다....노래 하나하나가 저의 감정을 건드렸읍니다노래 가사가 너무 희망적이고 따뜻했읍니다.... ,10
기적,쥐어짜는 신파가 아닌 가슴 먹먹한 영화 ,10
고양이에게 밥을 주지 마세요,너무 소중한 영화입니다 길고양이들이 행복해질 수 있기를 ,10
보이스,그래도 꽉차게 스릴감 있게 재미지게 잘 보았음. ,8
디어 에반 핸슨,최고의 영화??? 뮤지컬로 먼저 접하고서 너무 기대하던 영화인데 만족스러웠습니다. ,10
하우스 바운드,유머와 공포의 적절한 혼합 ,6
호빗 : 뜻밖의 여정,완전 재미있게 봤어요 ㅎㅎ ,10
듄,간만에 몰입감 있고 잘만든 영화 봤음 ,10
듄,영상미는 좋은데 내용은 중구난방.. 그냥 킬링타임용 영화 ,6
터미널,다 좋은데 미국인들은 영어 못하면 지능도 낮은 줄 아나보네 ,10
해바라기,뭐 말할게 있겠습니까 최고의 영화 ,10
터미널, EBS 시청하고 계신 분 ,10
소울,살아낸다는 것 만으로도… ,8
베놈 2: 렛 데어 비 카니지,1편은 재밌게 봤는데 아 이건 너무 재미없네 내용이 이따구냐 ,1
싱크홀,차승원 캐릭터 왜 이모양임. ㅈㄴ비호감 ,1
더 수어사이드 스쿼드,액션도 허접하고 등장하는 캐릭터들도 하나같이 유치하다 시간아까움 ,1
너에게 가는 길,이 이야기가 남의 이야기가 아니라 이미 곁에 있는 누군가의 이야기라는 걸 기억해 줬으면… ,10
강릉,그냥 담배만 주구장창... 보다가 나올뻔... ,1
랑종,저는 넷플릭스를통해보았습니다. 이영화가 재밌었습니다 물론 중간중간에 이해는안되었습니다만 이영화에는 민간신앙 샤머니즘을 숭배하는것과 동양틱하다는것입니다.귀신을 퇴마한다기보다는 달래주는느낌 을잘살렸고 그리고 지켜야할 금기를 지키지못해  시련을극복하지못한인간들 ㅇㅇ..스토리가 재미가없었다는분들한테는 음...본인들이 원하는스토리가나오지않아서 재미없었다고한거같아요ㅇㅇ.그냥 그럭저럭재밌었어요ㅋㅋㅋㅋ ,8
1984 최동원,그 시절 TV 화면으로 보던 야구 장면을 스크린으로 보면서 감개무량했던 기억이 떠오른다.어릴 때 그저 잘난 척하던 선수라고 생각했는데 세월이 흘러 보니 위대한 선수의 모습으로 다가와서 울컥거린다. ,9
디어 에반 핸슨,"모든 삶에는 수없이 구사일생으로 목숨을 건진 흔적이 남아있단는 폴 오스터의 문장이 생각났습니다. 에반이 나무에서 떨어져 팔을 다쳤다고 했을 때, 코너가 반드시 실패해야 하는 일을 실패하지 못했을 때. 어렴풋이 언젠가 아파트 옥상에 올라갔던 일이 떠올랐습니다. 영화를 보면서 참 많이 울었습니다. ",10
레드 노티스,우리가 할리우드 영화에 질리는 이유를 다 모아놨다. 배우들 출연료만으로도 최소 좋은 한국 영화 3편은 나오지 않았을까?+_+;; ,5
귀신랑,짠하다. 요즘은 이런영화 못만드나. ,10
F20,"조현병에 걸린 사람들 보다도 그 주변 사람들의 눈초리, 의심, 두려움이 더욱 사람을 미치게 만든다는 것을 보여준 영화. 장영남님 연기에 너무 몰두되어 같이 미쳐버릴 것 같았던 영화입니다. 조현병은 치료할 수 있는 병입니다. 편견을 갖고 사람들을 대하면 안된다는 것을 다시 한 번 깨닫습니다. ",10
장르만 로맨스,코로나 땜시리 꺼져있던 웃음보를 터뜨렸네..마무리는 잔잔한 마음을 움직여줘었어요. ,10
배틀로얄,재밌다 다시봐도 재밌다 ,10
장르만 로맨스,세상엔 여러가지 감정과 관계가 있다는걸 말하고싶었나..?  진짜 러닝타임 내내 무표정으로 봄. 근본없는 스토리 ,1
싱크홀,"이건 진짜 심했다...허허,,, ",2
샹치와 텐 링즈의 전설,초반부 : 마블입힌 성룡영화     중반부 : 마블입힌 와호장룡     후반부 : 그냥 중국영화 ,4
위시 드래곤,디테일이 부족한 지렁이 같은 용이라니이건 아니다.... ,1
장르만 로맨스,"과하거나 억지 웃음 없이  웃겨서 괜찮았습니다, ",8
레드 노티스,재밌는데 왜 평점이 일케 낮음 ,10
듄,영화보다가 빡친 건 처음임 나가고 싶었음 끝나고 나와서도 계속 빡쳤음질질 끌다가 액션신 나오고 또 이해 안 가는 내용으로 질질 끌다가 질질질끌음 액션신 잠깐 나오는데 그건 볼만함 ,4
프렌치 디스패치,영화 분위기가 보는 사람에게 졸음을 부릅니다 조금이라도 졸릴 때 보지 마세요 영화 흐름이 빨라서 자막 따라가기 바빠요 한 번 보면 이해 절대 못 할 영화 같아요 두세 번은 봐야 이해 가능할 듯한… ,8
당신얼굴 앞에서,영화가 편안하네요. 이혜영배우님의 얼굴선이 아트네요 권해효배우님은 홍상수님 모습같기도.. ,8
이터널스,전체적으로 루즈하다. 노잼이래봐야 마블인데... 볼만은 하겠지? 라고 생각하고 봤다가 끝나고 한숨 푹 내쉬면서 귀가했다. 영화 보는 눈이 낮은 나는 기대이하작으로 소문난 해리포터 혼혈왕자도 블랙팬서도 캡틴마블 전부 재밌었다. 근데 이터널스는 아니다. 아쿠아맨이랑 동급이었다. (내 기준에선 아쿠아맨보다 살짝 더 이하) 마블이라서 챙겨봤는데... 다음부턴 평점이랑 리뷰 아작난 것들은 마블이라도 그냥 유튜브에 줄거리요약 영상으로 볼란다. 내 지인들한테는 굳이 돈이랑 시간 써서 보지 말고 그 돈으로 디즈니나 결제하라고 추천해줬다. ,6
레지던트 이블 4: 끝나지 않은 전쟁 3D,초반에 배경이 일본 이라고 적이 총질하는데 주인공은 암기랑 장검 가지고 싸우더라.  겁나 어이 털리네. 삼류는 삼류다. ,2
프렌치 디스패치,감독의 애정이 잔뜩 묻어나오는 영화 ,9
디어 에반 핸슨,진짜 갓...레전드 영화 ㅜㅜㅜ ,10
너에게 가는 길,"성소수자를 자식으로 둔 부모와 성소수자들의 이야기. 보다보면 성소수자로서 차별받고 억압받는 그들의 현실이 나타나있다. 하지만 그들 혼자서 세상과 싸우는 것이 아닌 그들을 지지해주고 응원해주는 부모들의 감정과 상황들이 잘 연출되어 있다. 성소수자들이 많이 동감할 영화지만, 오히려 일반 사람들이 보고 성소수자들에 대해 가졌던 고정관념을 바꿀 수 있는 기회일 것이라 생각한다. ",10
랑종,강아지는 건들지말지 맘아프다 ,1
장르만 로맨스,꽤 재밌었어요.  조금아쉽긴한데 기분전환상가볍고 재밌게 볼만해요 ,8
이터널스,볼 만은 했는데 정신은 없네요~ ,6
듄,"와...긴 영화시간에, 프롤로그인데 이렇게 재밌다구요?  ㅠㅠ 재밌어요 흑흑 ",10
싱크홀,꿀잼 ! 갠적으로 엑시트보다 더 재밌어요 ,9
이웃사촌,감동 재미 다 주는 영화!! ,10
너에게 가는 길,"너무나 생소한 세상속에 살아가는 존재라 생각하지만, 도처에 존재하는 존재. 내 아들 딸 일 수도 나일 수도 있는 그들에 대한 이야기. 그리고 당사자들의 부모와 그 위대함에 대한 이야기. 많이 관심 받는 영화가 되었으면 좋겠다. ",10
싱크홀,나름 재미있고 코믹하고 아기자기하고 전 좋았네요.. 우울하거나 반전있거현실감있는 영화만 잘만들었다고 생각하는 분들은 별로라고 할듯 ,10
싱크홀,삼류영화 재미없음 시간아까워서 중간에끔 ,1
이웃사촌,운동권 비하하는 애들아 운동권이 뭘했냐고 자주 떠들고 하는데 뭐했냐면  대통령이 맘에 안들어서 밤잠을 설치고 두통을 앓는 당신이 투표로 대통령을 바꿀수 있게 했단다 ,10
강릉,도대체 무슨내용 ㅡㅡ  배우들이 아까움 스토리 전개가 하나도 없음 과거사라든지 등등 비교하기 싫지만 신세계 범죄도시 불한당 이 정말 진짜 잘만든영화라고 느껴짐 ,2
후겟츠 웨슬리,즐겁고 따뜻한 연인영화.사랑스러운 웨슬리를 서로 책임지려고 하네. 훈남훈녀가 잘생긴대로 맘도 따뜻하구만 ,10
듄,ㅈㄴ 미래인데 칼싸움질 미사일은 가능하고 총은 안되냐 ? 전혀 과학적이지 못한 영화임 ,1
싱크홀,영화 대충 대충 만드네.넷플릭스에 있어서 봤다 ,4
걸캅스,판타지 ,1
이터널스,이런스토리로 영화 폭망시켜버리네감독이 문제다 진짜 ,1
인셉션,놀란 아저씨의 생리학+심리학+액션+스릴러+휴먼 홈드라마.꿈보다 해몽.해몽보다 인셉션.. ,10
트루먼 쇼,소름돋는 영화. 무슨내용인지 아예 모르고 봤더라면 좋았을 영화 ,9
디어 에반 핸슨,상실과 외로움 고립감을 자주 느끼는 사람 이라면 꼭 보시길 추천드립니다어쩌면 이 영화는 다수를 만족시키보다 그런분들을 위한 영화라고 말할 수 있을 것 같아요 그리고 그게 이상하거나 다른게 아니라는것도요 ,10
듄,너무 너무 너무 너무 너무 너무 너무 너무 너무 지루했어요. 다 좋은데 우리나라의 정서랑 맞지않은 진행속도라 보는데 지루해 죽는줄 알았어요.. ,1
이웃사촌,실제 보다 말도 안되게 미화... 전라도판 왜곡으로 일부정치세력의 코메디 일뿐. ,2
이웃사촌,나름 괜찮은데 왜 평점이 낮은지 ,10
마스터,또라이 늙은남자가 여자는 잘꼬시네 ,10
기적,"진짜 오랜만에 가족끼리 모여서 다같이 보고 싶은 영화가 나왔네요. 감동에 유머가 잘 섞인 영화! 박정민, 윤아, 이수경, 이상민, 김강훈 배우의 연기가 너무 좋습니다. ",9
듄,2편을 봐야 정확한 평가가능음악과 영상미로 2편을 보고싶게 만드는 것만으로 절반 이상의 성공 ,8
듄,화장실을 못 갈 정도의 몰입감 압도적 음악의 존재감 ,9
귀멸의 칼날: 남매의 연,기존 넷플릭스에 나온 내용과 완벽하게 같아서 좀 지루했다 ,3
걸캅스,인천여경에 대한 메갈 웜돼지들의 평가가 궁금힌딘 ,1
이터널스,저스티스 리그 보시면 됩니다. ,1
베놈 2: 렛 데어 비 카니지,베놈시리즈는 그만 나와라 오글거리는 대사하며 스토리도 별로 ,1
이터널스,너무 재미있습니다 이건 꼭 추천하고 싶습니다 ,10
장르만 로맨스,한국인들 진짜 ㅋㅋ 영화볼줄모르네 ,10
샹치와 텐 링즈의 전설,너무 뻔한 내용의 영화...  그레이트월보다 못했음.그래도 양조위는 멋있어 ,6
너에게 가는 길,우리 앞에 놓인 길이 꽃길이 아니라 가시밭길일지라도 함께 걸어 좋은 길 ,10
장르만 로맨스,오랜만에 극장 가서 빵터졌네요. 재밌어요. 같이 본 친구 팔 엄청 치면서 웃어댐 ,10
이터널스,주인공 드루이그로 바꿔라 ,4
강철비2: 정상회담,그럭저럭볼만함시간때우기용 ,7
랑종,샤머니즘에서 시작해서 사이코패스 지나퇴마에 실패한 좀비영화 ,5
걸캅스,걸캅스는 OO OO떨고있다 진짜 ㅋㅋㅋㅋ ,1
이터널스,지금까지 마블영화랑은 좀 다른 감이 있음. 근데 그런대로 너무 재밌고 이터널스2가 기대됨. 4Dx로 한번더 볼 예정. 이 영화보면 재밌다랑 재미없다가 확실히 갈리는데 이게 왜 박스오피스 순위 높은지 알거같음. 듄 먼저 보고 봤는데 듄보다 훨씬 재밌음. 화장실 가고 싶었는데 계속 참고 끝까지 봤음. 스포일러는 안 넣음. 진짜 너무 취향저격. 쿠키영상도 꼭 보기를 바람. 2편 엄청 기대됨 ,10
마부,"뜬금없는 결말이 말아먹을 뻔 하지만, 영화는 전체적으로 관객의 마음을 확실하게 움직인다.ㅜㅜ ",8
장르만 로맨스,류승룡 부부의 인간관계에서 나오는 이야기가 코믹하고 재미가 있었고 진지한 부분에서도 그 나름대로 좋았습니다. ,7
장르만 로맨스,최악 어떻게 저런 배우들을 쓰면서 이런 영화를 만들지? 연기는 다들 잘 하시지만 내용 최최최악 중간에 나오고싶었던 영화는 처음 ,1
디어 에반 핸슨,뮤지컬을 봐야 이해되겠음 ,6
랑종,ㅈ노잼 공포영화는 어딜가나 발암덩어리가 많다 ,1
헌터 킬러,최근티비로공짜로본영화중에제일재밌음 추천함 ,10
프렌치 디스패치,색감이 화려하고 세트나 소품의 구조가 오밀조밀하다. 나처럼 영화에 대해선 문외한이 본다면 미쟝센이 수려한 것 이외에 눈에 띄는 것은 크게 없을 것이다. ,4
트립,뭐 지지고 볶고 하는데 등장인물이 다 답답함 ,3
장르만 로맨스,먼내용인가요? 너무하네 진심 ,1
장르만 로맨스,"배우들이 도대체 어디서 출연계기가 되었는지궁금할때쯤, 감독을 보고 아..아..설마설마..생각만 드는 .. ",2
걸캅스,이딴 영화 보고 감동 먹었다 재밌다는 분들은 본인한테 사건 생기면 꼭 ‘여경’이 출동해서 멋지게 범인을 제압하길 바래요^^ ,1
장르만 로맨스," 코믹영화로 홍보를 했으면서, 갖잖은 깨달음을 얻게 하려는 영화다.  아마 영화를 보고 온 사람들이라면 불이 켜진 상영관을 나오며 한 번은 이런 생각을 할 거다. '내가 무슨 영화를 보고 온 거지?' .  서사가 난잡하다. 결코 부드럽고 이해할 만하게 흘러가지 않는다. 등장인물들의 여러 이야기가 잡탕처럼 섞여 혼란하게 흘러간다.  인조적인 웃음 강요. 마치 초등학생 때, ""똥! 설사!""를 외치면 주변 애들이 낄낄 웃는, 그런 1차원적인 개그 각본밖에 안 되는 수준으로 코믹 영화로 홍보를 했다. 개그 장면들이 하나같이 ""이건 웃긴 장면이야! 웃어! 어서! 빨리 웃으라고!"" 라면서 관객들에게 강요하는 것 같다. 그러면서도 깨달음까지 강요하려는 연출을 한다. 서사가 부드럽지 않으면 끝까지 완벽한 코믹으로 가면 되는데, 웃기지도 않는다.  자세히 스포일러는 할 수 없다. 이 영화는 ""관계""에 대한 이야기다. 인간 관계에 대한 관객들의 해석을 요구한다. 근데 그걸 코믹 상업 영화에서 시도하니 문제이다. 코믹과 깨달음을 주려는 연출, 그 어중간함에서 난 무엇에 맞춰 영화를 봐야하는지 끝까지 의문이었고 런닝타임 두 시간이 다섯 시간 같았다. 그리고 꼴에 ""관계""에 대한 생각과 여지를 준다는 점 때문인가? 치정에 대한 묘사가 자주 나온다. 가족, 친하지 않은 남녀 사이에 가서 보면 민망한 영화다.  차라리 예술 영화쪽으로, 더 깊게 생각해 볼 수 있는 각본으로 영화를 만들었다면 충분히 호평받으리라 생각했다. 관객들에게 ""인간 사이의 관계""라는 것을 생각해 보게 하려는 훌륭한 시나리오는 이 싸구려 상업 영화에 무참히 낭비됐다. 아깝다는 생각마저 했다. 마치 싸구려 대학로 소극장 로맨스 코미디 연극을 보고 온 기분이다.  취미가 영화감상인 재능없는 학생이 적당히 성적맞추고 영화과에 가서 내 놓은 졸업작품 같다. 대전 중구 메가박스에서 13,000원을 내고. 이걸 봤다.  차라리 탕후루를 다섯 개 사먹을 ",1
라스트 듀얼: 최후의 결투,"영화를 볼수있게 만드신 리들릿 스콧, 그리고 제작자 여러분께 감사드립니다. ",10
극비수사,"진짜 대한민국 역작입니다 최고입니다 연출, 스토리, 연기  모두 최고입니다 ",10
이터널스,친구 영화비까지 내줬는데도 불구하고 중간에 나갈까 고민 수십번함ㅋㅋㅋㅋ ,1
걸캅스,이딴게영화....? ,1
싱크홀,"음,,진짜 심심해서 봤어요. 한번 봐보세요 ",6
해피 피트,...새벽부터 밤까지 유혹해보라는 대사로 시작....하네요..귀여운 펭귄 애니메이션을 기대했는데.... ,1
걸캅스,최악의 영화 절대 보지마세요 ,1
올드보이,10101001839202482901 ,10
샹치와 텐 링즈의 전설,이게 왜 7점 대지??  내 기준에선 9점 아님 10점이다. 양조위 미친 순애보에 샹치-케이트 케미 개웃김ㅋㅋㅋㅋ +링 사용하는 거 개멋졌다 ,9
이터널스,히로시마 없었으면 일본놈들이 항복했을까? ,3
컨테이젼,현재의 코로나19의 상황을 비춰보면 바이러스에 대한 공포를 차갑게 잘 그린 영화. 그러나 좀 평면적이다. ,7
클레멘타인,최고의 영화로 정말 숨도 못쉬고 봤습니다. ,10
이터널스,"너무나도 방대한 서사를 영화 한 편에 모두 담으려다보니 개연성이 떨어져 몰입도가 정말 낮았습니다.각 인물들의 과거사까지 담아내는 전개에서 서사는 긴데 큰 사건의 마무리가 급하게 매듭지어지는 느낌을 받았고, 그냥 ‘어이가 없었다’ 라는 말이 어울릴 것 같네요.그나마 영상미, 마동석 배우, 기타 출연진 때문에 봤습니다.시간 떼우기 영화 보다는 말 그대로 ,’킬링 타임’ 영화였습니다. ",2
더 시크릿 하우스,완전노잼 공짜로봐서그나마다행 ,1
본 레거시,"본 시리즈가 아니라 그냥 번외편 같은 느낌이 있었음.. 다른 시리즈보다 긴장감이 조금 떨어지는 느낌,, '길을 잃는것도 괜찮은데' ",8
걸캅스,최근 본 판타지 영화중 최악 ,1
싱크홀,"고소당할까봐 욕은 못하겠고,, 걍 드럽게 유치함 ",2
이터널스,4DX로 봤는데 압도당했다죠....이정도면 블위 이상으로 봅니다. ,10
디어 에반 핸슨,넘버랑 연기는 완벽한데 스토리가... 공감이안됨 이건 드라마보단 스릴러네요 ,6
모가디슈,잘만든 영화.. 인상깊게 봤어요 ,10
시티 오브 갓,"이런게 영화지, 연출 몰입력에 완성도 높은 시퀀스. 나름의 메세지들 ",10
아야와 마녀,아니 그래서 결말이 뭐임?애들이 완전 실망ㅜㅜ그냥 감으로 때려 맞춰야하나... ,1
걸캅스,현실은 칼들고 있는 일반인 무서워서 냅다 도망ㅋㅋ인스타그램 전국 여경들 경찰복 셀카 업데이트되는거 약속이나 한듯이 귀신같이 뚝 멈춤ㅋㅋ 여경 = 경찰견보다 쓸모 없음 ,1
샹치와 텐 링즈의 전설,기대했던거보다  너무 재미있게 봤습니다~^^ 근데 주인공이 극중 20대중반인거 같은데~모습은 40대중반같아서 몰입도가 떨어졌습니다ㅜㅜ ,8
샹치와 텐 링즈의 전설,기대했던거보다  너무 재미있게 봤습니다~^^ 근데 주인공이 극중 20대중반인거 같은데~모습은 40대중반같아서 몰입도가 떨어졌습니다ㅜㅜ ,8
장르만 로맨스,오랜만에 유머러스하지만 의미있는 영화! ,8
이웃사촌,이게 뭐지? 코메디를 빙자한 쓰레기 ,2
디어 에반 핸슨,"캐릭터의 감정은 이해하나 스토리자체가 고구마백개 먹은 느낌,,,노래는 좋아요 ",4
샹치와 텐 링즈의 전설,솔직히 기억에 남는건 주인공들도 아니고 양조위도 아니다. 웡 에서 시작하고 쿠키도 웡으로 끝남 ,2
디어 에반 핸슨,진짜 국내 영화 알바들 지긋지긋하다.. 최고였습니다. 뮤지컬 평소에 많이 보시는 분들이라면 재밌게 보실 듯 ,9
007 노 타임 투 다이,재미있게 보았습니다~^^ 마지막에 다다미는 모지? 마지막은 아쉬웠지만  보는내내 재미있었습니다~~추천 꾹~^^ ,8
디어 에반 핸슨,전반적인 스토리 라인이 약간 아쉬움이 든다. 노래 가사는 마음에 들었다. ,7
장르만 로맨스,나름 재밌게 보았어요고딩아들  귀여움 ,8
서울역,시간이 아깝네요 이런걸 왜 만든거지 ,4
장르만 로맨스,다들 연기너무잘하네요 스토리도 좋고 너무 재미있었어요!! ,10
007 노 타임 투 다이,"되게 재미있게 잘 봤어요, 긴장감도 넘치면서 재밌었던 영화 였습니다. ",8
고양이에게 밥을 주지 마세요,함께 공존하는 세상이 좋습니다인간만이  지구의 주인이 아닙니다 ,10
루시,다시 보아도 엄청난 영화. ,10
고양이에게 밥을 주지 마세요,장애를 딛고 일반인도 감히 할수없는 캣맘으로 자처한 나영씨 고양이를 사랑하는마음에 뭉클해집니다 무조건 길양이들을 혐오하는 사람들의 이기적인 욕심과 더불어 살아가는 모습을 보이는영화로 왜 길양이들과 함께가야 하는지를 보여주는 영화입니다 ,10
싱크홀,김지훈 감독님 그냥 영화 안했으면 좋겠어요 ,1
루시,10번넘게봐도 재밌다 ,10
싱크홀,"허술해요...시트콤수준... 아니 화면 구성이 자꾸 끊어져서 진짜 짜증날정도예요. 실내 세트장에서 보이는 야경은 딱 봐도 빌라와는 너무 다른 곳이고, 차승원 옥상 장면에선 기계로 내리는 티가 너무 나고, 심지어 흙더미 속에서 튀어나오는 별거 아닌 장면까지도 뚝뚝 끊어지는 게 정말 어이가 없습니다.. 그리고 조명....와 진짜 ㅋㅋㅋㅋ조명....ㅋㅋㅋ ",1
이터널스,블록버스터는 상업영화 전문감독이.... ,5
너에게 가는 길,내인생 최고의 퀴어영화 ,10
장르만 로맨스,엄청  재미있었네요ㆍ 배우들의  연기ㆍ스토리   다 척척   잘  맞아  보는내내  푹  빠져 봅니다  배우중에  아들역  하신  배우   너무  웃겨서ㆍㆍㆍ근데  마냥  웃기지 만은 않습니다ㆍ   그안에  다양한  사랑애기도   있구요~   꼭  보세요~ ,10
듄,"스페이스 오페라의 부활을 알리는 영화, 대존잼 ",10
남극일기,난 굉장히 재밌게봤는데 5점대 평점 이해가 안간다 ,8
남극일기,난 굉장히 재밌게봤는데 5점대 평점 이해가 안간다 ,8
베놈 2: 렛 데어 비 카니지,초등생이 만든영화... ,4
기적,잔잔하니 감동적이고 재밌네요ㅎㅎ ,10
12번째 솔저,'레버넌트'는 혼자 찍을 수 있는 것이 아니다. ,8
장르만 로맨스,"연출이 너무 유치하고산만하게 정제되어 있지 않고스토리 뻔하고 개연성 별로 없고억지 웃음과 억지 감동을 유도하고카메라 앵글도너무 전형적인 한국코미디 구도로 식상하고설정만 보면 이 배우들 가지고재미있게 잘 버무렸을 수도 있겠다 싶지만..결과적으로 연출 능력이 그에 못 미침..보는 내내 무슨 80년대 어설픈 꽁트보는 느낌..진짜 노잼영화도웬만해선 관대하게 보는 편이라이 정도면 볼만하다 하는데..이 영화는.. 영화라 부르기도 민망할 정도로너무 퇴보한 느낌이라 처음으로 평점 남김..이 배우들 극본 보는 안목이 이 정도였나..라는생각까지 드는..그나마 소득(?)은..고등학생, 대학생으로 나온젊은 남배우 둘은 좀 좋은 작품 만나면괜찮을 듯..아래는 스포로 보일 수 있는 부분......뭔가 사람과 사람 간의 여러가지 관계들을보여주려고 의도했던 것 같긴하다..동성애자와 동성애자 간의 관계,동성애자와 이성애자 간의 관계,가족 간의 관계,바람핀 이성 과의 관계,성인과 미성년자와의 관계,이혼한 친구 엑스 와이프와의 연애와 우정 관계,공동양육을 하는 이혼한 부부 사이의 관계,작가와 출판사장의 친구면서 직장관계자인 관계,불륜의 경계에 있는 관계 등등..여러가지 무겁고 어둡게 느껴질 수 있는 관계들을가볍게 보여주려고 코미디를 차용해 시도한 듯 하지만억지 웃음과 감동을 유발하는 어설픈 연출력으로사람과 사람간의 관계를 논하려던그 주제마저 많이 희석되어 버린 듯 하다..마지막에 말하는(정확한 대사는 아니지만.. 대략..)""색깔은 섞여도그 안에 원래 그 고유의 색이 들어있는 거다.""원래 각자 개개인의 색깔이 다 있는 거고서로 관계가 생기면서 그 색깔이 서로 섞이지만잘못된 것이 아니라 사실 그 것은각자의 고유 색깔이 녹아든 것 뿐그 걸 서로 인정하고 잘 어우러지고각자의 색깔을 잃지 말라는뭐 그런 걸 의도한 건가 싶다..지만.. 그 걸 이렇게밖에 못 풀어낸 건좀 많이 역량부족이고 실망스럽다.. 끝 ",1
디어 에반 핸슨,벤 플랫 연기는 정말 훌륭했다.다른 배우분들도 연기를 정말 잘 하셨다.  세번 봐도 또 보고싶은 영화. OST 정말 좋았다 ,10
이터널스,마동석 죽고난후 정신력 흐려지고 노잼 돈날림 ,1
듄,스토리가 전체적으로 약간 지루한 듯. 영상미와 음악은 좋음 ,8
강릉,강릉사투리 찐 잘함!!몰입도 좋았고 유오성 장혁 포스 정말 ..오대환님도 연기가 너무 좋았어요.정말잘봤어요 ,10
장르만 로맨스,올만에 맘편히 재밌게 본 영화 ,10
장르만 로맨스,류승룡님의 코믹 연기 덕분에 웃으면서 볼 수 있었던 영화였습니다. ,8
아나콘다 2 - 사라지지 않는 저주,2편도 재미있음.. 이번에  두 번째 보는 건가... ,10
장르만 로맨스,코미디 영화 올만이네요 ,9
듄,진짜 재밌어요 책 읽어야겠음 ,10
너의 이름은.,스토리가 재미있습니다 ,9
이터널스,아무리 2시간 반을 넘는 러닝타임이어도 다양한 캐릭터와 그에 따른 많은 서사를 꾹꾹 눌러담아내기엔 조금은 부족하지 않았나 싶다. 오히려 '이터널스'가 MCU 드라마 시리즈로 기획됐다면 더 낫지 않았을까 싶은 생각도 든다. ,6
블랙 위도우,"최고의영화,, 이거보고 운동다짐 백만번 함 ",10
듄,sf만 보면 지루해지는 나같은 사람에겐 비추천.... ,6
퍼스트 카우,라이카트의 감독 영화중 가장 사랑스러워서 아픈 영화 ,10
너의 췌장을 먹고 싶어,한번 보니까 계속 보게 됩니다 ,10
듄,영화보다가 나온적 처음. ,3
범죄도시,"마동석,윤계상외에 조연으로 출연한분들대부분이 연기력 훌륭했고  스토리,연출력 좋았습니다.  다만  너무 잔인한 부분이 많아서   그런부분들은  스킵하면서  봤어요. ",10
변호인,감동적인 영화 눈물이 절로 나온다 ,10
솔저 발터,잔잔하게 몰입도가 높음 인생을 잘 그려냄 ,10
디어 에반 핸슨,노래 굿! 스토리는 별로이지만 좋아요 ,9
걸캅스,응 현실은 인천 경찰 피해자 안지키고 도망가서 뇌사당했죠? 걸캅스? 얼마전에 꺄악 엄마 하고 도망쳐서 범인 포위망 뚫렸죠? 걸캅스는 무슨 똥캅스다 세금도둑들아. ,1
싱크홀,무난하게 자면서 볼 수 있어요~~ ,7
인질,황정민이 실제 본인 역할이란점만 신선했고 모든게 허술하기 짝이없다 범인들이 최악의 범죄자라는 설정에 총기제작 폭탄제작까지 할정도로 만들어놓고 연출력 때문인지 고딩들보다 못한행동 패턴으로 현실감 지극히 떨어지고 납치범이 얼굴 다까질않나 거기에 더 짜증은 그넘의 형사들 경찰들 그만좀 무능력하게 나와라 거기에 강력계 형사에 꼭 여자는 쳐넣어야겠어? 여배우 포인트는 다른데 줘도 되잖아 카체이싱 추격전엔 늘 주위피해 민폐다주고...그만좀 보자 그런패턴 영화...충분히 다르게 만들수있잖아 현실성있게... 실제 황정민 배우납치라는 설정만 현실성있고 그래서 보다보니 그것빼곤 예전 투캅스 시절을 벗어나질 못해 우리나라 범죄물은... ,4
걸캅스,개 꼴값 판타지영화 정수기 레알 ㅈㄹ한다 ,1
나인 하프 위크,Slave to love~~ na na na na  woh~oho ,9
개들의 섬,부족한 스토리와 과대평가 ,1
걸캅스,북한선전영화보다 더 우악스러운 영화 ,1
가디언즈 오브 갤럭시,마블 영화 중 최애. 디즈니플러스 구독 기념으로 다시 정주행. ,10
극장판 짱구는 못말려: 격돌! 낙서왕국과 얼추 네 명의 용사들,어른들의 나쁜 말 하나하나가 모여서 아이에게 큰 상처가 될 수 있다는 것과 자신도 아이에게 도움을 받았으면서 마지막에 도움을 받은 사람을 비난하는 이기적인 것 모두 현실고증이 너무 잘 되어서 슬펐다 또 5살 밖에 되지 않은 짱구가 인연을 쌓고 헤어짐을 반복하며 더 이상 누구도 잃고 싶지 않아하는 모습은 더 슬펐다 모든 인연을 소중히 하고 자신에게 소중한 사람 뿐만 아니라 다른 사람의 소중한 사람도 소중하게 여겨주는 감동적인 짱구의 모습에 또 한번 울었다 ,10
콜 미 바이 유어 네임,엘리오와 올리버 그 자체.. 내내 연기력에 감탄하면서 봤네요. 장면 하나하나 음악 하나하나 놓칠 것이 없는완벽한 영화 ,10
프렌치 디스패치,"헛웃음이 나올 정도로 뛰어난 캐릭터, 대사, 영상미. ",9
듄,지루하고 1시간은 잔듯 ,1
듄,간만에 영화다운 영화를 본 느낌.. 사운드가 너무 훌륭했다. ,10
기적,ost는 마지막이 대박이고 잔잔한 감성을 끌어올리는 스토리와 깨알같은 재미와 유머가 감동에 잘 녹아져있네요.  물론 연기력도 다들 좋으시고요. 잘 봤어요~~ ,9
듄,이건 무조건 봐야 하는거네!!!와 남주는 어쩔꺼야 저 느낌… 대 서사시에 한 페이지를 두시간 넘게 봤는데 일도 안지루람 긴장선을 잘 끌고감 이거 영화관에서 봐야 하는거!! ,10
장르만 로맨스,"오랫만의 아나로그 영화로써 디테일한 연출. 코믹 하지만 결코 가볍지않는  내용, 넘치지 않는 모든 배우들의 명연기. 영화 마니아 라면 당연히 봐도 괜찮은 영화임. ",9
다크 나이트 라이즈,최고ㅕ영화 ㅜㅜ 헉진짜 ,10
샹치와 텐 링즈의 전설,중국집 냄새나는 영화랄까 ,2
스쿨 오브 락,"Let's Rock! It,s Perfect! ",10
금지된 장난,15살에 이 영화를 처음 보고 너무 감명받아 그 이후로 다섯번쯤 더 봤다. 그래서 그런지 이 소녀가 성인이 된후 40살 넘어 출연한 '시네마천국'을 봤을 때 한눈에 알아봤다. ,10
랑종,처음에는 괸찮았는데 마지막은 좀비영화인줄 ,4
미나리,데이빗이 무서워할때 할머니가 품에 안아주는 장면 울컥 모든것 다 안아줄것 같은 사람 할머니너무 좋았다 외할머니 생각난다 ,10
이터널스,"술마시고 봐서 재미가 없나 했더니, 술 마시고 본게 천만 다행;; ",2
장르만 로맨스,너무 정신없게 전개되는 스토리관객석에서 웃음소리는 여자뿐감독도 여자재미없다....같은돈이면 외국영화다.. ,2
광대: 소리꾼 감독판,학규역 이봉근님 소리에 완전반해버렸답니다 완전 감동입니다 ,10
장르만 로맨스,뭘 본건지 하나도 모르겠고 이해도 안가고 웃음도 안남 ,1
장르만 로맨스,여러 관계를 볼 수있는 영화스토리가 매끄럽지 않아서 더 현실적으로 느껴졌다.사랑에는 접속사가 필요없음을여러 관점으로 생각해보는 걸 좋아하는 사람들은 보면 후회 안할듯 ,8
강릉,에휴..뭐야 이게... ,2
디스 아메리카노,유머코드가 나랑 잘 맞음 결말까지두 참 좋다 ,10
걸캅스,현실은 강도 무서워서 도망가버리는 여경밖에 없쥬?ㅋㅋㅋ ,1
장르만 로맨스,ㅋㅋ ,5
좋은 친구들,친구란 무엇인지 생각하게 만든다 ,7
이터널스,평잼이긴 한데 세계관이나 몇몇 캐릭터는 마음에 들어요 ,6
귀멸의 칼날: 나타구모산 편 ,다시봐도 재미있네요중간중간에 TV판에 없었던 영상도 있고요역시 영화관 큰화면과 사운드는 지리네요ㅋㅋ ,10
듄,어떤 영화적 상상력과 기술은 감동적이기까지 ,8
이터널스,옵티머스 이후 처음으로 동석이형 의리로 봤습니다. ,6
프렌치 디스패치,"""그랜드 부다페스트 호텔""만큼의 미칠 듯한 깜찍함과 흡인력은 없음. 웨스 앤더슨 감독(만의) 색깔은 한층 더 강해져서 극명하게 호불호가 나눠질 것 같은 느낌적 느낌. 극 속에서 '웨스 앤더스 사단' 찾기는 작은 즐거움. 잡지의 궁극적 시각화(특히 마지막화). 글자는 내레이션으로 대체된. 미술은 여전히 넘사벽 ",7
장르만 로맨스,영화가 정리가 잘 안된느낌. 전개가 너무 빨라 정신없어요. 배우들 연기는 괜찮은데 공감이 잘 안됐어요. 마지막에 억지로 교훈주는 느낌이라 인위적. ,1
이터널스,역대 마블이 이야기를 쓰면서 재미가 없어지기 시작했다. ,5
해리 포터와 비밀의 방,진짜! 재미있습니다ㅠ 1편 만큼이나 재미있었던 화입니다 ,10
보이스,시작은 창대한데 마무리가 아쉽다. 공안이랑 협조가 잘되는것도 이상하고 빌런이 시간을 끌어주는것도 이상하고 ,6
디어 에반 핸슨,논란은 제쳐두고 이제껏 본 뮤지컬 영화중 가장 노래 잘하는 남주. ,8
장르만 로맨스,정말 난잡한 영화 쓰레기들은 한데 모은 느낌 이것저것 무리한 설정을 억지로 쑤셔넣은 듯하지만 재미로서 승화시키는데 실패 빅재미? 전혀없음 소소한 잔잔바리 재미 딸랑 몇개 이건 저예산 저퀄 3류 영화도 연출 가능한 재미요소 ,1
악마를 보았다,"역시 최민식,이병헌의 연기는 최고! ",10
이터널스,꽤 괜찮게 봤는데 다른 사람들 평점이 ㅋㅋ ,10
이터널스,꽤 괜찮게 봤는데 다른 사람들 평점이 ㅋㅋ ,10
걸캅스,이게 영화면 찢재명이 대통령 이다 ㅋㅋㅋㅋ ,2
기적,재밌게 봤네요 괜찮네요 ,10
싱크홀, 아들은 왜 뛰어드는거냐? 그리고 차오르는 물이 일급수네 ㅈㄴ 맑아코미디 라는데 어디가 웃기는지...아 헛웃음은 많이 나오드만 ,1
이터널스,재미 없다고 끝낼 문제가 아님.감독이 마블이 뭔지 알고 있나 싶음.사회적 문제에 대한 메시지는 나중에 다른 영화에 담길 바람. ,1
트리플 엑스 2 - 넥스트 레벨,암 원더 넥스트 레벨 어 절대로 놓지말아 결속은 나의 무기 광야로 걸어가 알아 네 홈드라운 위어더 맛서서 제껴라 제껴라 제껴라 우우우 위 ,6
다만 악에서 구하소서 파이널컷,아무생각없이 액션만 볼수있어서 좋았다. ,9
싱크홀,아 ㅅ 하 한국 사람들 연기 ㄱ ㅈ같이 한ㅔ ,1
송해 1927,너무너무 고마워요 ㅅㅅ ,10
듄,다음 편이 너무 기대되는 영화. 재미있었습니다!! ,10
디어 에반 핸슨,Ost가 정말 좋은게 많아서 또 보고듣고싶어요 ,10
악인은 너무 많다 2: 제주 실종사건의 전말,사실적인 스토리와 연출이 괜찬았음. 저예산영화 치고는 상당히 높은 퀄리티 ,10
악인은 너무 많다 2: 제주 실종사건의 전말,투박함이 오히려 이영화와 잘 어울림 ,10
비긴 어게인,다시 일어나는 법을 배우는 영화.큰 위로가 됐다 ,10
흑사회,조폭영화의 한계점을 여실히 보여주는 ,5
너의 췌장을 먹고 싶어,벚꽃과 봄의 관계를 통해서 너무나 많은 것을 배운다. 두고두고 보고 싶은 영화다. ,10
"틱, 틱... 붐!",노래가 신ㄴㅏ는대 몰입이 잘.. ,6
공정사회,잘 봤어요. 마지막 속이 다 후련합니다. ,8
권법 : 쿵푸의 신,이건 돈 받고 봐도 볼까 말까한 영화 ,2
싱크홀,안타깝다 ㅋㅋ돈많이쓴거같긴한데 ,4
십개월의 미래,남성으로서.. 여성의 현실을 조금이나마 더 이해할 맘이 있다면.. 남성들의 꼭 보면 좋겠다. ,10
걸캅스,해리포터보다 더한 판티지 영화 ,1
아미 오브 더 데드,원샷원킬의 능력자들과 한낮에 돌아다니는 좀비라..크랜베리스의 좀비만 남는 영화..^&^ ,5
나는 나를 해고하지 않는다,제목 때문에 호기심에 본건데 여운이 가시질 않네요. ,10
아담스 패밀리 2,디즈니와는 다른 색다른 재미를 안겨주는 아담스패밀리! ,8
해리 포터와 죽음의 성물 - 2부,해리포터의 마지막을 장식하기에 충분했다 ,10
간츠: 오,꽤 세련된 영상미 하지만 특별한 것은 없다 ,5
시그널 X: 영혼의 구역,자이고트 감독이 만들었다는게 믿기지 않을정도로 재미없다 ,3
디어 에반 핸슨,뮤지컬영화라 내용엔 큰기대 안했는데 최근 본영화중에 가장 감동적이엿어요 추천드립니다 ,10
토르: 라그나로크,토르 시리즈 중엔 가장 재밌었던 영화 ,9
랑종,랑종 재밌습니다. 추천드립니다. ,10
장르만 로맨스,아주 그냥 죽여주는 상황들의 대향연 퍼레이드! ,8
너에게 가는 길,"두 여성의 성장을 담아낸, 멋진 영화였습니다. ",10
7번방의 선물,신파가 가득해도 배우들의 연기력에 눈물나는 영화 ,6
헤이트풀8,서부영화 너무 좋아요. ,10
장르만 로맨스,"코미디인줄알고 보러갔는데 다큐멘터리 였던영화.   ___퀴어, 이혼, 자유연애, 사춘기, 기러기 등 너무많은 사회문제를 얘기하고 있어서 정신없는 영화.___주말 1인 1만4천원 이라는 영화비 2시간 이라는 런타임. 돈과 시간이 너무 아까움.별점 1점도 아까움. ",1
007 위기일발,블로펠드와 뚱냥이가 처음으로 등장. 명승지 콘스탄티노플에서 미녀랑 놀고 악당들을 때려잡는다.. 남자는 이래야지! ,8
폴리스 아카데미,좌충우돌 우당탕탕 신입 경찰 이야기 ,5
귀멸의 칼날: 남매의 연,애니버전 회차 그대로 극장판으로 변경한 상술의 극치! ,2
장르만 로맨스,돈도 아깝지만 앉아 있자니 시간이 아까워서 중간에 나옴내 돈주고 구매했지만 같이 간 친구한테 미안해서 밥 사줌;;;영화값에 밥값 ㅠㅠㅠ ,1
장르만 로맨스,돈도 아깝지만 앉아 있자니 시간이 아까워서 중간에 나옴내 돈주고 구매했지만 같이 간 친구한테 미안해서 밥 사줌;;;영화값에 밥값 ㅠㅠㅠ ,1
장르만 로맨스,돈도 아깝지만 앉아 있자니 시간이 아까워서 중간에 나옴내 돈주고 구매했지만 같이 간 친구한테 미안해서 밥 사줌;;;영화값에 밥값 ㅠㅠㅠ ,1
장르만 로맨스,돈도 아깝지만 앉아 있자니 시간이 아까워서 중간에 나옴내 돈주고 구매했지만 같이 간 친구한테 미안해서 밥 사줌;;;영화값에 밥값 ㅠㅠㅠ ,1
패트리어트 게임,정치적 드라마 보다는 시원한 사이다를 선택하다 ,5
버드나무숲 양림,잔잔히 편안한게 좋아요. 좋아!!! ,10
더 울버린,솔직히 마리꼰지 머시긴지 손녀가 암걸려서 평점 낮게 주고싶은데 반일하는 OO들때문에 높게주게되네 ㅋ ,10
타이타닉,옛날시대는 어떻게 이런 영화들이 나왔을까 지금은 이런 명작이 안나오고 세월을 낭비하는지 아깝다 ,10
뱅드림! 필름 라이브 세컨드 스테이지,모든 면에서 역대급 뱅드림 극장판! 무조건 극장용입니다! ,10
엑스맨: 데이즈 오브 퓨처 패스트,액스맨 시리즈 최고의 역작.모든 스토리를 이어지게 만드는 완벽한 구성. 매력적인 캐릭터들.실질적으로 엑스맨시리즈는 여기서 끝난거라고 생각하는게 맘 편함. 이후 나온 망작들... 하 ,10
여행자,영화가 끝나고 곱씹게되는 대사..노랫말...먹먹함김새론의 연기.한편의 문학작품을 접한 느낌... ,8
싱크홀,초반에 아파트 cg 너무 구려서 무슨 만화인줄;; 배우들은 고생했을거 같아서 3점줌.. ,6
싱크홀,싱크홀 재밌는데 왜 다 그러지.. ,10
장르만 로맨스,기대는 전혀안했고 그냥 영화를 본다는거 자체에 의미를 두고 본 영화 ..사실 집에서 보기에도 약간 시간아까움 배우들에 비해 스토리는 비급 감성에 이런 인물이나 스토리가 굳이 나와야하나 하는게 많았고 굳이 극장가서 볼영화는 아니다 기대도 안했고 걍 극장가고싶어서 그나마 제일 볼만하다길래 봤고.. 부모님이랑 볼건 아님 ,4
너에게 가는 길,많은 위로와 감동을 전해주는 영화그럼에도 불구하고 우리는 여기에 있다 ,10
크루엘라,이건 꼭 봐야함 ㅎㅎㅎ 듄 보고 현타온거  힐링함 ,10
가구야공주 이야기,눈을 뗄 수없는 영상과 음악 ,10
걸캅스,어느정도는 공감이라는게 있어야 된다 생각함현실과 정반대로 만들었냐 ,1
이터널스,조금 지루하긴함 근데 분위기나 영상미는 압도적 ,6
오피스,긴장감높고 스릴있었음 ,10
캔디,나는이게진짜 사랑인거같애.. ,10
이터널스,꿀잠자기 좋은 영화입니다 ^^ ,1
장르만 로맨스,"솔직히 감독 첫 장편 데뷔에다가 섭외력, 배우들 연기 보면 최고라고 생각합니다! 나쁘지 않다고 생각합니다! ",8
장르만 로맨스,너무좋은영화 너무재밌는영화 ,10
장르만 로맨스,생각없이 웃으면서 보다가 나올 줄 알았는데..시작부터 별로 내용이 뭔지 웃기지도 않고 ..요새 영화비 비싸 중간에 나오고 싶은 거 참고 자리비라도 쓰자해서 폰 보면서 엔딩까지 가게 만든 영화...내 돈!내 시간!...넘 낭비하게 만든 영화다..끝 ,1
소리도 없이,영화 좋고 유재명 유아인씨 연가 다 좋은데 결말이 좀 허무했습니다 ,10
아미스타드,약간 애국 친 기독교적 임. ,8
강릉,조아요 장혁의 눈뮨같은 연기 ,10
걸캅스,감상평에 스포일러가 포함되어있나요 ,1
랑종,생각보다 재밌어서 안멈추고 다 봄 !!!다만 다큐 형식이 좀 아닌듯. ㅜ ,8
걸캅스,이딴게 평점 9점 ㅋㅋ 주작도 정도껏 ,1
이터널스,그냥저냥 볼만했어요 ^ㅁ^ ,8
디어 에반 핸슨,스토리 너무 이상함.. 찐따망상남이 완벽한 가족에 끼고 싶어서 거짓말에 거짓말을 하는 이야기를 아름다운 노래 깔고 분위기 예쁘게 포장해놔서 보는 내내 이상했음. 스토리는 너무 음침함. ,1
이터널스,게이가판을치네 마블이  개극혐입니다....정신건강에 좋지아노아요 ,2
조제,불행한 사랑에 매달리지 않고 여생을 담담하게 살아가려는 조제.눈오는 밤에서 스코틀랜드 여행까지.. 그래.그 정도면 충분할지도.. ,10
마녀 배달부 키키,"13살 소녀의 사춘기를 마녀라는 비현실적 소재로 엮어냈음에도 두 영역이 충돌하지 않고 잘 배합되어 '마녀 배달부 키키'고유의 매력을 자아내는 힘에, 하야오 감독에게 경탄하지 않을 수 없다. ",7
무수단,정말... 답이 없다... ,2
디어 에반 핸슨,많은 위로를 받았습니다 ,8
위쳐: 늑대의 악몽,베스미어 이야기 재밌게 봤어요시즌2전에 미리 챙겨보기 ,8
내부자들,다큐아닌가요?ㅋㅋㅋ 딱 현재의 여당것들이 해온짓거리랑 흡사하다고 보여지는데요? ,10
이터널스,마블빠로서 처음으로 최악의 쓰레기를 보았다 ,1
너의 결혼식,신데렐라는 12시~ 우연이는 11시~ ,10
디어 에반 핸슨,여러분 절대 보지마세요^^ 핵노잼. 개연성도 없고 잔잔할거면 감동이라도 주던가 너무 작위적이라 보는내내 힘들었어요....영화관에서 뛰쳐나올뻔ㅠ 제발 돈낭비 시간낭비 하지마시고 차라리 다른영화 보시던가 카페가서 맛난거 먹고 즐기세요!!! 라라랜드나 위대한쇼맨을 절대 기대하시면 안됩니다^^ ,1
우리들의 일그러진 영웅,내가 본 영화중에서 제일 명작이다. 그리고...저 새끼 순 나쁜 새끼에요!!! ,10
내부자들,진짜 영화 ㅈㄴ 잘 만들었다 마지막에서 나오는 반전은 진짜 소름 돋았다 내부자가 이런 내부자였다는 걸 보여주는 영화 ,9
스파이더맨,너무 재밌는 영화 이제 맥과이어 젊은모습을 볼수있게 해주는 향수같은 영화.. ,10
블레이드 2,관객수63명 머냐... ,10
듄,듄 여러번 봐도 눈물나요 ,10
듄,2부가 기대되는 대작. ,10
007 노 타임 투 다이,그래도 그럭저럭 볼만함. ,8
더 웨이 홈,강아지 영화 짠해서 못보는데 참을만 할 정도였고 벨라 연기가 정말 대단함. 다른 동물들과의 의리도 감동. ,10
걸캅스,현실은 강도 무서워서 빤스런치는 흉경들 밖에 없죠??깔깔~~^^ ,1
스파이더맨 2,전설의 히어로 무비.. ,10
디어 에반 핸슨,예고편보고 봐야겠다 기다리고 있었어요 평점이 너무 낮아 놀랐고 영화보니 평점이 너무 낮아 놀랐어요 절대 이렇게 낮은 평점받을 작품아닙니다 ,10
이터널스,주인공이 많아지면 이야기가 롱런이 되는건 어쩔수 없다고 생각하지만... 과거의 이야기를 최대한 간결하게 표현했다면 어땠을까? 생각되네요 너무 감정이입을 시키려고 분위기 뛰우느라 시간을 너무 쓴거같고 3시간 가까운 상영시간 절반이 과거이야기와 캐릭터들간의 감정선이라니.... 그 지루함을 커버치려고 뜬금없이 민간인을 끼워넣은거 같은데;; 인간을 대변하는 캐릭터가  개그캐릭터라서 뭔가 이상했어요. 전투중이 개그요소라든가 중대한이야기중에 끼어드는 개그요소 라든가;  인간은 민폐 그 자체였어요. 그리고 이건 그냥 기분탓인지 모르겠지만;마블영화가 아닌거같아요. 그냥 그런 기분이 작구 드네요... ,5
나는 나를 해고하지 않는다,현실감 커 몰입됨. 비효율적인 부분이 정작 뭔지를 보여줌 ,10
샹치와 텐 링즈의 전설,어욱....초반 여자랑 맞다이 뜨는 장면에서 중국식 가짜무술뽕과 토나오는 무술합 로맨스에 그냥 GG치고 나왔다 ,1
범죄와의 전쟁 : 나쁜놈들 전성시대,인물간의 보여지는 교류 그 내면에 숨은 긴장감이 영화 내내 조였다 풀었다를 반복하며 관객을 애태운다. ,7
악인은 너무 많다 2: 제주 실종사건의 전말,나래이션 빼면 8점      빼지 왜 넣었냐? ,5
샹치와 텐 링즈의 전설,걍 대사도 다 중국어인 짱개영화임 짱개바이러스가 세계를 초토화시키고 있는 시국에 이런 중국뽕 영화를 낸게 이해가 안됨 ,3
혐오스런 마츠코의 일생,마츠코는 죽고 자기를 진심으로 찾은 사람이 2명이나 되는데 과연 실패한 인생인가? ,7
듄,솔직히 평점보고 봤는데 너무 기대이하긴시간 많이 지루하나 간혹 긴장감있는부분때문에 잠깰수있었음시리즈물이라 내용도 중간에 끊겨버림 ,4
디어 에반 핸슨,힘들때 힘이되주는  영화이다.너가 혼자인것 같고 많이 외로울때 누군가 너를 찾아줄거야. 넌 혼자가 아니야. ,10
듄,영화관에서 볼 가치가 있다 ,10
007 노 타임 투 다이,지킬게 없던 007과 지킬게 생긴 007의 이야기 ,10
박강아름 결혼하다,뭔가 생각을 많이 하게 만드는 영화네요 ,7
나는 나를 해고하지 않는다,난 이 영화 내용이 현실이 아니길 간절히 빌면서 봤다… ,9
나는 나를 해고하지 않는다,보고있으면 너무 숨막힌다... ,6
랑종,지루하고 그간 공포영화의 반복되는 클리세가 불편해요. 돈낭비 시간낭비 어색한 연기들..  곡성이니 나홍진 홍보를 기대했다 낚인 느낌 ㅡ 기괴함에 기분 넘 급격히 다운시킬수 있어요 ,2
이터널스,원래 마블 영화는 액션에 서사를 더한 느낌이라면 이건 서사에 액션을 더한 느낌임 ,6
"틱, 틱... 붐!",꼭 극장에서 보세요 ㅠㅠㅠ 올해 최고 뮤지컬 ,10
장르만 로맨스,담백하면서 알싸한 매력적인 영화 ,8
강릉,그냥저냥 볼만하긴한데.. 잔인하고 칼로찌르는부분만나옴ㅡㅡ ,6
마더,몇 번을 봐도 또 보고 싶은 영화 ,10
더 포가튼 배틀,와.. 진짜 재밌음 중반지나서부터 완전 몰입되서 눈을 땔수가 없음 ,10
랑종,어디서 재미와 공포를 느끼라는 거지? 그냥 변태 감독이 만든 허접한 페이크 다큐 같지도 않은 페이크 다큐. ,1
007 스카이폴,하비에르 바르뎀 연기가 이정도였나 싶을 정도로 잘했다... ,8
아야와 마녀,와.. 오랜만에 영화봤는데 진짜 재밌었네요... ,10
바다 탐험대 옥토넛 : 육지수호 대작전,넷플릭스에서 봤던거 몇편 이어서 하는거네요 .. 새로운 에피소드가 없어서 아쉬웠어요… 이미 봤건거 또 보는거니 지루하기도 하고요 ,3
괴짜들의 로맨스,캐릭터 때문에 초반엔 흥미롭고 기대됐었음. 하지만 중반부터는 어디에서나 볼수 있는 그저그런 양산형 로맨스 영화와 이야기가 똑같아짐. 그러더니 결말은 더 이상함. 볼일보다 중간에 나온 것처럼 흐지부지 끝남. 전형적인 용두사미 영화. 시간과 돈이 아까웠던 영화. ,2
싱크홀,참신한 소재와 명배우로 만든 처참한 연출 ,1
장르만 로맨스,난 재밌게봤음 이런저런 관계들이 얽힌 내용을 재밌게 풀어냄 사람마다 다르게 볼순 있지 ,10
귀멸의 칼날: 나타구모산 편 ,귀멸 팬이라면 큰 화면 + 사운드로 볼 가치가 충분함 ,10
디어 에반 핸슨,에반헨슨의 거짓말?로 스토리내내 안타까웠지만 마지막 고백을 통해 자신을 되찾은 모습이 감동이었습니다 ,8
프렌치 디스패치,2차 관람이 더 재미있던 영화... 1차는 우선 줄거리만 집중하고 2차는 대사나 디테일을 보면 정말 풍성함 ,10
공정사회,평점에 낚였습니다. ,1
적호서생,오랜만에 보는 중국판타지 잼나네요 ,8
그린 마일,"사형제도에 대해 다시한번 생각하게 되었던 좋은 영화였고, 난 기독교는 아니지만 커피를 보며 예수가 생각나긴 함. 의도한 건지...? ",8
샹치와 텐 링즈의 전설,아이언맨과 작별한 건 마블 최대의 실수인듯 이 때까지가 전성기였고 앞으로 내리막 길 불보듯 뻔하다 ,1
강릉,칼질만하다 끝났드래요?언년아... ,1
이터널스,마블치고 지루.. ,6
이터널스,너무 지루하고 지루하고 또 지루함.동석이형때문에 의리로 끝까지 봤다. ,2
바람이 분다,와...평점테러 봐라. 뭐든 정치색으로만 보는 미친민족 ,10
이스케이프 룸,재미있어요ㆍ<큐브>와 <오징어게임>을 잇는 탈출장르 ,9
성룡의 폴리스 스토리4,이 영화를 시작으로 성룡 영화의 거품이 조금씩 드러나기 시작하지. 성룡 영화는 80년대나 통하지 이젠 손발이 오그라든다. ,1
장르만 로맨스,좋았어요류승용.김희원 예상대로 너무 재밌고 아들로 나온 배우님 그 또래 감성을 너무 잘 연기하셨음 ,9
프렌치 디스패치,웨스 앤더슨 특유의 감성과 연출뿐만아니라 배우 한명 한명의 캐릭터와 대사가 빛나는 영화. 사운드 트랙 또한 너무 좋아서 무한 반복 중이에요.다만 대사량이 많아 자막으로만 온전히 영화를 따라가려면 여러번 봐야할 것 같아요. ,9
프렌치 디스패치,ennui sur blase boredom on apathy  전형적인 텍사스 출신 프랭코필 스타일의 영화 ,8
라이징 호크,평점에 속아서 봤다....시간은 금이라고 친구! ,2
장르만 로맨스,정말정말정말 재미없었어요...아무리 시계를 봐도 끝날 시간이 안옴... ,1
비정시대,반공영화 같지만 남북 분단국의 비극을 보여주는 작품. 초등때 우연히 TV에서 접했는데 잊혀지지 않았습니다. 신부님이 자신의 아들인지도모르고 진지하게 고백성사하는 아버지. 아버지인지도 모르고 환하게 웃으며 친절하게 대해주는 아들 신부님. 이런 기구한 인연이... ,6
괴짜들의 로맨스,"전형적인 대만 로맨틱코미디가 아니어서 더 좋았던 영화입니다. 사랑의 조건, 감정의 변화에 대한 깊이 있는 생각과 탐구가 담겨 있습니다. 독특한 화면비와 색상의 영상미도 뛰어납니다. ",8
걸캅스,"이건 판타지 영화입니다. 반지의 제왕, 해리포터 시리즈를 잇는 판타지 장르임. ",1
호빗 : 뜻밖의 여정,오랜만에 다시 보니까 좋네요 ,10
걸캅스,현실은 인천'지방'경찰청 논현경찰서 서창지구대 살인 방조사건. 같은 경찰들도 여경제도 없애야 한다고 한다ㅉㅉㅉ ,1
프렌치 디스패치,그렇습니다 ,7
신과함께-인과 연,전편보다는 매력있게 봄 ,7
무수단,사실 음... 뻔한 스토리에 개연성마저 뭉그러진 연출 ,6
호빗: 다섯 군대 전투,다시 봐도 좋은 시리즈의 시작 ,10
싱크홀,"내 인생 최악의 영화. 킬링타임용으로도 못보는 최악의 영화.별점 1 준 것도 처음. (솔직히 1도 아까움)근데 평점 올리기 위해선 추천 감상포인트를 골라야 되네?연출, 연기, 스토리, 영상미, OST 어느 하나 괜찮은게 없는데어쩔 수 없이 연기 고릅니다. ",1
말레피센트,안젤리나 졸리 섭외 잘한듯 ,10
장르만 로맨스,전처 본처 자식  양성애자등 감독이 타인의 고통을 희화화  하는데 그마저도 웃기지 않음..극장이 내내 조용..바람핀 주인공은 베스트셀러 작가 게다가 교수.. 전혀 불쌍하지 않아요..ㆍ 편견덩어리로 보임..그나마 배우들 연기가 좋은데 연출이 치밀하지 않아 보는 중간 중간 매우 지루함..어려운 시대를 사는데 공감할 인물이 없고 답답하고..피해자 처럼 그려진 마쵸적주인공을 전혀 이해할 수 없음.. ,1
브로크백 마운틴,사람대 사람으로 저리 절절히 사랑할수있다는게 아름다웠고.배우들연기 실감나며 연출 영상 너무 좋았습니다. 자꾸 보고싶어져요.특히 둘이 첫날밤이 너무 잘 표현되었어요. 히스레저 제이크 사랑합니다 ,10
뱅드림! 필름 라이브 세컨드 스테이지,필라1에 비해서 퀄 엄청 좋아짐 모션도 자연스럽고... 레이야 보컬 개시원 ,10
이터널스,역시 중국 감독이네ㅋㅋ ,1
장르만 로맨스,재밌다는 평점이 더 많아 어머니모시고 봤는데요무슨 얘기인지 너무 스토리가 뒤죽박죽이여서보는내내 힘들었습니다중간중간 웃음 포인트는 있었지만 류승룡님아니였으면 안봤을거 같아요 ,4
나이브스 아웃,와! 정말 가 족같은 사이들 ,10
강릉,아...48평생 댓글 첨 써봄 이렇게 재미없게 만들기도 힘들겠다칼로 쑤시다가 끝. ,1
걸캅스,여기서 날라차기 팔 꺽어서 제압하는건 판타지 망상이였음현실은 무장해도 후다닥~ ,1
장르만 로맨스,신선하고 기발하고 웃기고 ,10
아이언맨,"인생 최고의 영화중 하나 샹치,베놈2 아이언맨에 비교할수없음 ",10
후겟츠 웨슬리,TV용 영화라서 그런지 뭔가 전체적으로 밋밋하다. ,6
기적,윤아 말투가 아는분과 똑같네요...ㅋㅋ스토리도 잔잔하게 좋네요.. ,10
장르만 로맨스,평점이 갈려서 큰 기대없이 봤는데 생각보다 재밌고 괜찮게 봤네요 나름 보고 생각할만한 요소들도 있고 ,9
해리 포터와 마법사의 돌,진짜...재미있습니다ㅠ...예전 부터 이편 돌려보고 있는 중 입니다ㅠㅠ ,10
장르만 로맨스,"도대체 무슨 내용인지,...집중력 떨어지는... ",2
장르만 로맨스,"이게 왜 15세 관람가 인지 의문스러움. 청소년들이 보기에 옆에서 지도가 필요하다고 생각할 정도로 관계의 막장of 막장임. 극중 나오는 대사처럼 청소년들에게 유해한 영화인것 같음. 아침드라마를 영화로 압축시킨듯한 스토리, 묵직하고 어려운 주제를 코미디로 가볍게 다가가기 쉽게 풀어낸것은 좋았으나 뭘 이야기하려고 했는지 잘 모르겠음. 배우들 하나하나는 기억에 다 남을 정도로 연기가 인상적이였음 ",6
언덕길의 아폴론,재미있게봄 신선한 주제믿고보는 고마츠나나 작품 ,9
샹치와 텐 링즈의 전설,강건너 뮤탈 나올때부터 엥? ,5
장르만 로맨스,포장지 보고 속은느낌기대치라도 없었으면 평점 테러라도 안하지장르만 로맨스가 아니라장르만 코미디 ,1
듄,Dreams are messages from the deep. ,9
걸캅스,이게 왜 9점인지 이해가;; ,1
프렌치 디스패치,"하이 코미디의 연속. 색채의 대비. 뮤지컬,영화,카툰에 까지 아우를수있는.지루할 틈없는 작품 ",10
싱크홀,90년대 감성 배우들은 찍으면서 자괴감 안들었을까싶더라는.. ,4
이터널스,지루해서 중간에 잠들뻔 그닥이다 ,4
장르만 로맨스,하...한숨만 나오네요ㅠㅠㅠ ,1
보이스,재미있게 잘 보았습니다 ,10
디어 에반 핸슨,"멋진 음악, 벤 플랫까지 만날 수 있어 좋았습니다. 뮤지컬로도 만나보고 싶네요. ",10
디어 에반 핸슨,재밌음재밌음재밌음잼 ,10
샹치와 텐 링즈의 전설,CG와 양 조위의 전설 ,6
악인은 너무 많다,영화같지 않은 영화가 너무 많다. ,1
악인은 너무 많다 2: 제주 실종사건의 전말,영화같지 않은 영화가 너무 많다2 : 83분 실종사건의 전말 ,1
디 아워스,"아무도 이해하지 못하는 내 우울을 이해받은거같아, 위로가 되었다 ",10
듄,잘까? 좀더버텨볼까? 갈등하게 한 영화 ,4
싱크홀,너무 내용이 뻔해서.... ,6
듄,모래괴물의 웅장함이 느껴지고 싸우는 장면에선 보호막 덕분에 더욱 치열해서 멋있었다. 티모시의 꿈이 미래가 돼서 스포일러가 될수있는데 많은 장면이 이번화에서 나오지않고 많은 사람이 죽어 이런 스토리를 앞으로 어떻게 풀어갈지 궁금하다. ,10
암살,우리잊으면안돼ㅠㅠ다시봐도 눈물ㅠㅠ ,10
걸캅스,미래에서 왔읍니다 응 현실은 보다닥이죠^^ ,1
보이스,보이스2를노린것같지만 ㅎ 여튼 배우.연출 저는만족^^ 영화관에서봤으면 더잼잇겟다싶고 깨알조연배우님들도 너무좋았어요~~더 나왓으면 더좋았겠다싶을정도ㅎㅎ잘봤습니다~~ ,10
목포는 항구다,너무 웃겨요 킬링타임으로 최고에요 가볍게 막 웃김요 ㅎ ,10
이터널스,기대보다 너무 별로였다 ,4
당신의 부탁,피를 나누지  않았지만  소중한 가족이되어가는 모습이 좋았다. 요즘 시대에꼭 필요한 영화~ ,10
걸캅스,판타지  개노잼  시간낭비 ,1
샹치와 텐 링즈의 전설,"재미도 없고, 감동도 없고.. 걍 화려한 특수효과에 돈은 많이들었겠다..싶음 ",4
새콤달콤,새콤달콤한 영화. 연말에 가볍게 보기 좋아용 ,10
귀멸의 칼날: 남매의 연,제국주의를 상징하는 니뽄영화귀떼기에 그려진거 한국에서는 지우고 개봉전형적인 일본눔의 자세앞에서는 웃지만 뒷짐진 손에 칼을든 형태이런걸 극장가서 봐주는 애들은 뭐냐니뽄으로 건너가라 가서 걍 살어 ,1
댄싱퀸,이게 미스터리 스릴러 반전 영화도 아니고 드라마 장르의 영화가 전개가 뻔하고 결말이 예상되는 게 평점을 낮게 줄 만한 이유인가?ㅋㅋ ,10
이터널스,지루하고 그냥그런 영화 ,4
듄,기다리다! 기다리다! 드디어 아이맥스로 봤습니다. 이미 많은 리뷰나 예고영상을 보고 갔는데도 기대이상이였습니다. 예고편이 다하는 그런 영화가 아닙니다. 그리고 그 음향...계속 귓가에 울립니다.한 번 더 봐야겠습니다. 아! 이상한 나라의 폴! ,9
걸캅스,걸캅스는 개뿔 그냥  강간이나 당해라 ,1
이터널스,난재미있게봤음. 그런데 갑자기 태양으로 왜가... ,8
비스티 보이즈,윤계상의 리얼한 오바이트연기 ,6
세 얼간이,생각 머리도 없도 그냥 해야하니까 어쩔 수 없이 대충 해내며 살던 시절 20살 중반에 이영화 처음 보고 인생 처음으로 진취적으로 살고싶어졌다 머리에 뭐 맞은것처럼 띵 했는데 서른이 넘은 지금은 이영화를 안 봤으면 내 인생이 어떻게 됐을까 생각이든다 그정도로 내 인생을 바꿔준 영화.. ,10
벤허,영화사에 기록될 가장 웅장한 서사극.감동지수가현대극 글래디에이터를능가한다 ,10
듄,개노잼. 지루하다. 지루하다.지루하다. ,1
다운폴,승자에 의해 과장되거나 왜곡되지 않은 진짜 그들의 마지막 모습. ,10
걸캅스,최악 ,1
비스티 보이즈,찐 현실 밤문화.. 개봉했을때 영화관가서 보고 충격적이기도 했지만 재밌게봤던 영화ㅋㅋ넷플에 떳길래 반가워서 봤는데 다시봐도 재밌고 예전에는 밤문화가 저런가?하면서 봤는데 지금은 현실을 알기때문에 공감하며 봤다 씁쓸 ,10
싱크홀,코메디 싱크홀 그냥 보기는 잼있슴당~ 그냥 생각하지 마시고 보새여 ㅋㅋㅋ ,9
싱크홀,진짜 재밌었다 억지스러움도 있었지만! 차승원 너무젛아 ㅠㅠㅠ ,10
이터널스,차라리 우뢰매를 다시보는게 낫겠다.세상의 모든것은 중국이랑 살짝만 스치거나 관련있어도 싸구려 쓰레기가 된다. ,2
뉴 폴리스 스토리,전작들과 다르게 개그가 빠진 폴리스 스토리는 낯설다. 오언조의 악역 캐릭터가 인상적 ,6
고양이에게 밥을 주지 마세요,세상 모든 캣맘 캣대디 님들 응원합니다!영화 많은분들이 보셨으면 좋겠네요^^ ,10
베놈 2: 렛 데어 비 카니지,마블영화 기대치가 높았던 걸까요? 블랙위도우를 시작으로 샹치 베놈2까지 졸작 느낌 ,3
이터널스,초등학생 아들이 마블을 좋아하는데 보는 내내 울 아들 영화네~ 했다~ 배놈2보다 훨 낫다~ ㅋㅋㅋ ,10
싱크홀,생각없이우연히봤다가 너무3류영화같아서 감독누군지검색해봤다 ,6
싱크홀,7광구 감독인줄 미리알았더라면.. 킬링타임도 안되는 르레기 ,1
장르만 로맨스,영화를 다보고나면 먹고싶은게 많아짐ㅋ치킨...짜장면..라면..아이스크림..등등ㅋㅋㅋ재미있게 잘 봤습니다~ ,10
강릉,"평점 갑자기 변할때 눈치 깠어야 하는데.. 알바들인지 나만 당하기 싫다인지 작작들 좀 하세요. 중2병 명언잔치와 허세가득, 그리고 시종일관 칼싸움.. 이걸 어떻게든 살리려 애쓰는 유오성이 진심 대단하고 불쌍하기까지 했음. 킬링타임하는 시간도 아까운 영화. ",1
장르만 로맨스,간만에영화관출입  연기력좋다고입소문에 덩달아관람좔조는편인데 모처럼졸지않고봄 ,8
디어 에반 핸슨,스토리의 이해가 중간중간 끊기는 부분이 있었지만 연기를 너무 잘해서 감정선으로 쭉 끌어준 것 같아요ㅠ 묵직한 위로를 주는 OST는 말 할것도 없이 너무 좋고!!!! 감성적인 뮤지컬영화를 찾으신다면 추천드립니다!! 아!! 그리고 원작 뮤지컬을 알고계신 분이라면 진짜 당연히 봐야되는 작품이에요ㅠㅡㅠ 언능 뮤지컬 디어 에반 핸슨도 만나볼 수 있길 바래요♥? ,10
호빗 : 뜻밖의 여정,잼있게 잘 봤어요 ,10
걸캅스,여경은 필요가없다.. ,1
베놈,잘 봤어용. ,8
테넷,이해되지도 이해하고 싶지도 않다 ,3
더 테러 라이브,잘 봤어용. ,8
연가시,잘 봤어용. ,7
걸캅스,이딴게 평점 9점? ㅋㅋ ,1
겁나는 여친의 완벽한 비밀,이런 황당무계함이 코미디지 ,7
이터널스,재미도 없고와 잠깐이라니 개빡침 마블영화에게이라니 성소수자 홍보를 ....스토리는 마블세계관 공부용인듯 ,1
5 to 7,오랜만에 뭔가 뜨거운 눈물이 나는.. ,8
듄,"영상, 음향, 연출까지 모두좋지만 스토리는 어쩔? 내용이 뭐야?  아짜증나! ",6
싱크홀,"7광구 ... 아 .,진짜 ",1
조 블랙의 사랑,미친 ㅋㅋㅋ 진짜 항마력 높아서 세기말 로맨스 정말 즐거보는데 이건 엔딩이 뽀뽀뽀 텔레토비만도 못하다… 나원참 ㅋㅋㅋ 그냥 배우 얼굴 구경용 영환데 알바들 댓글 쓰면서 죄 짓는 기분 안드냐 솔직히 이 정도면 범죄야 새기들아… ,6
분홍신,선재와 인태의 로맨스가 엄청 느끼하고 어색한 거 제외하고는 괜찮았다. 죄책감+망상=파국. ,6
12번째 솔저,하얀 순록이 귀여웠음. ,8
프렌치 디스패치,프랑스에 대해 조금 이해도가 있으면 더 재미있게 볼 수 있겠네요. 특히 두번째 이야기는요 ,7
후크,"내 인생 영화관의 첫 영화. 꿈꾸는 아이에게 어른이 되는 법을 알려준...내 인생에 평생의 팬은 오로지 당신, 로빈 윌리엄스 뿐. 당신의 영원한 팬이 팬에게. ",10
듄,아름답고 경이로운 영화. 파트 2가 기대되는. ,10
싱크홀,킬링타임용으로 재밌게봤어요 ,10
해바라기,10번은 본거 같은데 볼때마다 재밌다 인생명작 ,10
로맨틱 홀리데이,"넘 따뜻하고 사랑스러운 영화 ㅠㅠ 매년 겨울마다  찾아볼 거 같네요 특히 아만다가 그레엄 집에서 애기들이랑 시간 보내는 씬 너무 좋아요 ㅠㅠ 넷 다 너무 사랑스러움 ,, :) ",10
디어 에반 핸슨,영화를 보다가 깨달았다감독도 이 감정선이 미국 10대들에게 질병처럼 유행하는 억지 위로와 공감으로 점철된것을 알았던 것이다중간에 영상을 퍼나르며 나오는 유튜버들의 단적인 모습은 이 장면이 감동을 위한건지 아니면사실은 이 영화 전체가 비판과 교묘한 조롱인것인지 헷갈리게 한다주인공은 나약하고 답답하며 등장인물들의 정신승리와 정당화는 역겨울 정도다등장인물들은 그 누구도 사랑스럽지 않으며 공감할 수 없고 이 어딘가 모르게 불편한 플롯은 감동이 아닌 불쾌함만을 보는 내내 선사한다이 영화는 좋은 음악으로 포장한 스릴러다  거의 겟아웃을 볼때의 소름이었다브금만 바꿔도 매 장면이 공포스러울 것이다이 영화를 볼 계획인 모든 이들에게 심심한 위로를 건낸다 ,2
오피스,재밌음 레알 싹다 괜찮게 연출이며 스토리며 싹다싹다 연기자들의 연기가 압권임 ,8
폭력의 그림자,배경은무미건조하지만 그속에서.아들의사랑의  진심이느껴지는 .. ,8
디어 에반 핸슨,벤 플랫의 고집에는 이유가 있었구나 ,7
이터널스,최악의 영화 말도 안되는 인류애 구원자 세계관쓰레기같은영화전혀 히어로뭉 아니고12세인데 잦은 키스신과 베드씬까지…. 2편 나와도 안봄 ,2
돼지 같은 여자,젊은분들께 비추천....45세..이상..강추..복합적..감동....내재된.... ,10
에반 올마이티,중간까지는 평이한데 마지막이 진국이다. ,10
디어 에반 핸슨,"알리나?? 왜케 나대냐.. 전형적으로 타인을 위하는 척하면서 본인의 도덕심, 만족감을 채우는데 이용하는 사람. 감성적이고 깨어있는 나, 소외된 것에 관심주고 사람들 관심을 주도하는 나에 빠져있는데 본인만 그걸 모르는 느낌 ",5
사랑은 비가 갠 뒤처럼,"일본판 나의아저씨랄까?  근데 어두운 분위기가 아닌, 밝으면서도 잔잔한 느낌이다. 역시 일본의 멜로영화는 특유의 감성이 있다.이건 사랑이야기라기 보다는,  성장 이야기이다.  부상으로 인해 꿈을 잠시 놓치고 있는 여고생과,  현실에 마주쳐 꿈을 잃어버린 중년아저씨가  서로를 통해 꿈을 향해 성장해가는 이야기이다. ",9
소리도 없이,어린 여자애의 영악함이 싫고 끔찍하다 ,8
원 데이,"저런 사랑 해보고 싶네요.. 죽는 것만 빼고요,, ",10
승리호,재밌어요 송중기는 어떤 역할을 해도 잘생겼네요 ,10
미스 스티븐스,"우리 모두는 내 아픔을 들어주고, 위로해줄 누군가가 필요하다. 그 사실을 인정해야 아픔을 딛고 나아갈 수 있는데, 그 사실을 외면하는 레이첼에게 빌리는 계속 말해주고 싶어했다. 당신은 지금 슬프다고, 그치만 내가 들어줄거라고. 내게 그 아픔에 대해 솔직해져도 된다고. 슬픔을 인정하는 것, 슬픔을 누군가에게 털어놓는다는 게 이렇게 어려운건 일인지 몰랐다. 나에게 계속해서 말을 걸었던 수많은 빌리들을, 나는 바보처럼 외면했다. ",10
분홍신,허허 이걸 10점을 준사람들이 많네 그냥 뭐랄까 무슨내용인지 궁금해서 계속 건너띄어가며 줄거리를 확인하기는 했습니다만 그다지 재미있지는 않습니다. 확실한건 소재는 독특해서 높은점수를 주고싶지만 스토리에 빈약함이 너무 강력하네요 ,4
너에게 가는 길,"성소수자 자녀를 둔 부모의 이야기임과 동시에 두 가족의 이야기, 두 여성의 성장 및 고군분투 이야기이기도 하다. 두 주인공의 이야기에서 우리 사회의 소외받고 외롭고 겉돌고 차별받고 지워지는 (여성일 수도, 성소수자일수도, 다양한 형태의 가족 구성원일수도, 이방인일수도 있는) 사람들의 단편을 엿볼수 있음과 동시에 그것들과 마주하는 주인공들의 행보에서 따뜻한 여운을 느낄 수 있는 영화다. ",10
랑종,잘나가다 후반부 어색한감이... ,6
이터널스,역시 마블 그리고 감독의 영향인지 모르겠지만 뭔가 더 우아하고 선이 고왔다는 생각이 듬 굿굿굿 ,10
장르만 로맨스,잔잔하게.. 볼만은 합니다. ,8
마녀,최근 본 영화 중에 최고후속편 기다립니다 ,10
태양은 움직이지 않는다,쓰읍.. 마지막에 그 도망간 친구... 데이비드킴 고용했다 도망간 절친이.. 멀리서 타카노를 지켜보는 식으로 나올려나 했는데 끝내 안나옴 그래서 평점 2점이고 도망간 애 하나 못찾는 AN통신이 주가 된다는게 이해불가 ,2
샹치와 텐 링즈의 전설,주인공이 너무 못생겨서 몰입이 안되요 ,5
이터널스,"연기랑 영상미는 좋았으나,나치즘에 영향받은 그걸 미화시키네..ㅋㅋㅋ 감독이 나치빠인가 ㅋㅋㅋㅋ 현실과 영화를 구분시켜놓지않은 망작이해 해볼려해도 안가는 스토리에 정신을 놓았다.역겹다. 마블이라 기대했건만. ",1
수색자,"군대라는 폐쇄적인 집단에서 집단의 이익과 안녕을 위해 진실은 묻혀지게된다.진실과 집단의 안정 중에서 선택해야하는 딜레마에 빠지게된다.과거에도 이러한 명분으로 억울하게 죽은 젋고 어린 청년들이 얼마나 많았을지...영화를 보는내내 천안함사건이 자꾸 떠오르는지... 극중 대사중 ""죽은 군인들을 개죽음으로 만들거야! 북한의 교전으로 사망한 유공자로 만들어주는게 그들에게도 더 현실적으로 나은거야! 유가족들도 원할테고!""내 자녀가 군대에가서 어이없는 사고로 죽었는대 국방부에서 명예를 세워주고 유공자로 대접해 준다고 더이상 사실을 밝히는대 노력하지 말라고 한다면...나는 무엇을 선택할것인가?그대들은 어떤 선택을할것인가?오랜만에 진실을 향한 마음의 양심과 현실의 이익과 집단의 안정를 위해서 스스로 고뇌하게 만들어준 가슴아프지만 현실적인영화였습니다감사합니다 ",10
드래곤 길들이기 3,인생애니메이션영화시즌 모두 만족스럽다 ,10
레드 노티스,전형적인 헐리우드식 킬링타임용 영화 넷플이 돈이 많으니 이런것도 막 찍는구나 ,7
네 마음에 새겨진 이름,이번에 발매된 소설을 읽고 다시보니 이전에 볼땐 안보이던 감정선들이 다시보이네요. 몇번을 반복해서 보고있는지 모르겠네요 정말 명작이라고 생각합니다. ,10
레드 노티스,아무 생각없이 보면서 시간 때우기엔 재밌음. ,7
시월애,좋은 영화이긴 한데 지루하다... ,5
카오스 워킹,재밌는데 기승전결이 없음… 다음편이 있으니까 그러겠죠…? ,8
장르만 로맨스,"잼민이들한테는 노잼이나, 인생 경험이 있는 어른들은 재밌는 작푿 ",8
소울,눈물나는 감동적인 영화. 우리도 다들 목적만 가지고 사는게 일생이 되어버린게 아닐지.. 작은거 사소한거 일상적인거 하나로도행복하고 따뜻해질수 잇음을 다시한번 깨닫고 갑니다 ,10
괴짜들의 로맨스,내가  사랑하는 사람이 나와 같아서 좋아했는데나와 달라진다면 ,10
모가디슈,깔끔하고 지루하지 않게 잘 만들었다 근데.. 태준기 살려내..ㅠㅠ꼭 준기 죽였어야먄 했냐..ㅜㅜ ,8
007 노 타임 투 다이,007 노타임노다이의 부제 : 노잼 ,1
어웨이크,기대 안했는데 생각보다 재미있네 그리고 알바 엄청 이쁨ㅇㅇ ,9
환상의 빛,"삶과 죽음은 연결되어 있고, 살아가며 위로하고 위로받는다. 바닷가 마을에서는 좀 더 편안하기를. 고레에다 히로카즈의 독보적인 첫 영화. ",9
퍼스트 카우,담백한 우유 같은 영화. 잔잔한 서부극도 매력 있다 ,8
해바라기,말이 필요 없는 영화... ,10
나를 잡아줘,그냥 노넨레나 볼 수 있는거  만으로도 ,9
장르만 로맨스,드라마적인 감성이 좋았고 코미디 빵 터지긴 하는데 타율이 높지 않았다 ,7
프렌치 디스패치,첨보다 두번볼때 더 좋아지는 영화 ,8
호빗 : 뜻밖의 여정,다시보는 호빗도 여전히 즐겁다 ,10
12 솔져스,재밌었습니다. 몰입감이 좋은 영화였어요. ,9
아메리칸 스나이퍼,이게 왜.. 34만밖에 안될까..너무 재밌게 봤습니다. ,9
"힘을 내요, 미스터 리","대구 지하철 참사를 다시한번 떠올리며 묵념하게 만드네요.. 재미있는 요소도 많고, 가볍지만 감동적인 영화였습니다! ",9
모가디슈,재미있어요허준호씨 진짜 북한사람같음 ,10
강릉,초중반 매우 흥미로움... 하지만 결말이 아쉬움... 진짜 마무만 잘했으면 완벽했을텐데 아쉬움이 남는영화.. 지루하거나 그런부분은 없었네요 ,7
이터널스,"재밌는디,,?? 평점왜이랭 ㅠ ",10
싱크홀,김성균..목소리톤 너무 어색해...바둑 거기서도그랬는데...나만느끼는건가?... ,2
망령의 웨딩드레스,영화의 마지막 부분은 지금도 감히 따라할수 아니..시도조차 못할 겁니다. ,1
굿 윌 헌팅,진짜 최고예요.. ,10
서유기 : 모험의 시작,"월광보합,선리기연의 dna를 잇는 진정한 월,선,연작의 기원 ",10
이터널 선샤인,"영화보는 동안 도대체 이게 무슨 상황인지 이해가 가지않아 영화 속 조엘처럼 나도 똑같이 혼란스러움을 겪었다. 이런 스토리를 짜는 것도 너무 신기한데, 생각한것을 실제로 영상에 담아내는 것도 너무너무 신기하고 대단하다.근데 나만 그런건지..ㅜ 영화의 흐름을 깨는 것 같아서 차마 얘기하기는 싫었는데 너무 신경쓰여서 한번 적어본다. 조엘과 클레멘타인의 사랑이야기 너무나도 애틋하고, 둘이 같이 있을때 너무나도 편하고 행복해보여 진짜진짜 부러운데, 다만 걸리는거 한가지가 .. 조엘은 그러면 결국 나오미랑 사귀고 있었을때 클레멘타인을 만나 연애하게된건지... 한마디로 이것도 바람이니.. 너무 신경쓰였다. 영화니까 그러려니 넘어갈 수 있긴한데 내 사전에 바람은 진짜 전혀 이해도 안가고 이해하기도 싫어서... 이 점 때문에 원래라면 감명깊고 결말이 행복해서 눈물 한방울 또르르했을 수도 있는데 눈물이 전혀 안나왔다.. 물론 다시 재회하게 되는 결말이 너무나도 뭉클하긴했긴했지만.. 미국이라 마인드자체가 다른건가..그리고 메리가 박사 사랑한다면서 조엘 기억빼내고 있을때 헐크랑 그런것도 약간 이해가..ㅋㄱㅋㄱ 그냥 마인드 차이인가 싶네.. 뭐 저는 이 영화보면서 이런 생각도해봤어요.. 저랑 같은 생각하신분 있는지 궁금하네요.. ",10
선희와 슬기,선희도 너고 슬기도 너다. 그러나 너는 없다. ,8
레드 노티스,오글거리고 수준떨어지는 액션영화긴한데 옛날 헐리우드 액션영화감성 느끼기엔 충분했다. 어릴때보던 인디아나존스가 떠오르네. 그치만 갤가돗 존예! 그래도 나름 반전 ㅋㅋㅋㅋ그냥 킬링타임용이라 생각하긴했다만 시간이 좀 아깝네. ,6
뷰티 인사이드,뷰티 인사이드... 인사이드.!!!사람의 겉 모습이 아닌 그 사람자체을 좋아한다는게 얼마나 힘들고 또 얼마나 가슴벅차게  아름다울수 있는지를 보여준... ,10
퀸카가 아니어도 좋아,자존감을 얻어가는 여자주인공의 모습이 너무 좋았음 ,10
듄,"장면 장면이 예술성 있고 굉장한 이야기를 말하지만, 지루한 면도 없지 않아서 극장에서 볼게 아니면 아예 보지 말기를. ",9
실: 인연의 시작,"막 시작하던 이들이 앉아있던 테이블에서, 시간이 조금씩 지나면서 각자 생채기가 난게 보여서 더 뭉클했던 영화. 꽉 닫힌 엔딩이라 백프로 만족함 ",9
듄,그래서 뭘 어쨌다는거야..호흡기 안좋은분들은 보시지 마시길. ,6
싱크홀,아니 나만 재밌었나?? 진짜 편의점 야간 알바 하면서 계속 웃으면서 봤는데 아 물론 말도 안되는 이야기인건 아는데  주인공 다 죽으면 그것도 재미가 없지 오히려 현실적보단 영화 같아서 더 재밌었는데 ,10
신신방: 나타중생,나타가 누군지 모르면 50%도 이해안됨 중국연화나 애니메이션  CG는 세계수준 까 올라갔지만 비주얼은 원래 10분이상 가기어렵다 ㆍ나타가 누군지부터 알고 ,6
캔디맨,"무작정 호러도 아니고, 그렇다고 오컬트적인 뭔가가 있는 것도 아니고.. 잘 모르겠네요 ",5
보이스,시나리오 디테일이라곤 하나도 없다 과잉오바액션질이나 하고있고 조직원들은 무슨 스피드웨건 빙의되가지고 술술 설명해주고 멍청한건가?착한건가? 웃겨서 어이가 없다 ,1
싱크홀,"요즘 아무렇게나 만들어도 K드라마, K영화인데 이건 좀 너~~~무~~ 아무렇게나 대충 만들었구만... ",4
싱크홀,차승원 진흙탕에 빠졌을 때 아들이 뛰어 들면서 잡물로 폭망 ,2
장르만 로맨스,코미디 영화라기 보단 블랙코미디에 가까운 캐릭터 전체가 너무 좋았다. 사랑이란 가슴아픈 성장통 조은지 감독영화는 좋구나 ,8
007 노 타임 투 다이,007 시리즈가 이렇게 일본색 넘치는 영화였나요?!명작 시리즈가 이렇게 망가지는 것이 너무나 슬픕니다 ㅠㅠ ,1
건축학개론,아무 것도 몰랐던 그 시절을 떠올릴 수 있어 좋았음 ,10
장르만 로맨스,웃음바이러스 영화네요~^^ ,10
이터널스,내가 태어난 이유와 살아가는 이유 또 죽어야 하는 이유를 알려줘서 고마워♥ ,10
변호인,"오래도록 기억하고 꼭 봐야하는 영화!다시봐도 가슴아프고 속상하네요,,, ",10
장르만 로맨스,이런 쓰레기 영화는 왜 개봉까지 하나요다시는 여성감독영화는 안보겠습니다 ,1
걸캅스,한마디로 판타지영화. 현실은 시민이 목에 칼맞는 현장에서 36계 줄행랑 치는 여경. ,2
세븐,평점 10점도 모자란 영화임. 인생 최고의 영화 ,10
싱크홀,"웃기지도 않고, 지루하고, 시간 아까운 영화. '선생김봉두'를 한번 더 볼걸. CG는 엉망이고, 싱크홀에 빠져 흙에 덮히는데, 그 흙이 '분갈이 흙'이라는데  다시 한번 놀라움. ",1
은밀하게 위대하게,"웹툰 안봐서 원작 모름, 특정 배우 팬도 아님.웰메이드는 아니지만 나름 재밌게 봄.1. 다리 구멍 나서 자기 앞으로 황태오 옮겨달라던 리해랑이 갑자기 일어서서 수류탄 들고 있던 손현주한테 달려든건 납득불가.2. 리해랑 부하 동생 관련 3분 정도 씬 있으면 좋았을텐데 그저 대사만으로 전개해서 소설 읽어주는 느낌. 원작을 모르는 사람으로서 뜬금없이 오랜만이라고 죽일 듯 하더니 동생 살려줘서 고맙다고 총 대신 맞는 것도 납득불가.3. 부상 당해서 거동도 힘들고 살고 싶다고 하는 원류환에게 구조물이 많아 5층 이상 높이에서 뛰어내리면 도망칠만하다고 하고, 트롤짓해서 총 맞고 원류환과 죽는건 막장 전개 같음.4. 죽은게 당연하다고 생각되는 원류환을 마지막에 마치 살아있는 듯이 연출한건 열린결말인지 후속작을 노린건지 모르겠는데 찝찝한 여운만 남겨서 뒷맛이 깔끔하지 못했음.이해 안되는 연출. 시나리오가 많았으나 재미없진 않음 ",8
플라이 대디,아빠를 로망 ,8
007 노 타임 투 다이,이왕 크레이그 형 퇴장이라면 해피엔딩으로 끝내시지... 오락성은 괜춘 ,7
후회하지 않아,이 영화를 본 걸 후회하지 않아 ,8
디어 에반 핸슨,"앞에 반은 졸음, 남주가 너무 못생기고, 학생 역인데 늙어 몰입 안됨. 지루하고, 고구마 같은 답답함 ",6
듄,이거 제발 보세요 ㅠㅠ 진심 너무 재밌어요.... ,10
버닝,고급재료로 만든 요리 결국 똥촬영에 많은 공의 흔적이 보이는데 참 이렇게 못만들수있군 유아인은 다 좋은데 대사 전달력이 가끔 아쉬움 ,1
차이나타운,뭔내용인지모르갯음재미업음 ,1
서양골동양과자점 앤티크,"주지훈, 김재욱, 유아인, 여진구 꽃미남 종합선물세트 ",8
랑종,답답그자체 억지 연출  밍 선 씨게 넘네 강아지는 왜 건들여... 공포영화에서 만만한게 강아지지 ㅠㅠ ,7
듄,"눈과 귀를 사로잡는 웅장함, 흡입력 있는 스토리 ",9
싱크홀,?.. 존잼 이 노잼 세상에서 오랜만에 실컷웃음 이 영화를 보는 2시간 동안 행복했음 ,10
샹치와 텐 링즈의 전설,다들 알바인가? 개연성이라곤 1도 없음 ,1
무수단,이건 혼자보면 욕나오고 싫은놈들에게 강추해서 시간낭비용이지 ,10
무게,예술병 걸린 감독이 만든 그냥 쓰레기... ,2
싱크홀,와..대박..미쳤네..뭐지... ,1
이터널스,오랜만에 멋지고 시원한 영화네요!추천 합니다♡♡♡ ,10
휴가,좋은 영화 입니다! 더많은 관객이 봤다면 좋았을 영화! ,10
인질,황정민이 감독에게 인질로 잡혀서 영화를 찍은 듯...2021년도에 이런 영화가 나온다는게...믿기지가 않음. ,2
블랙 위도우,블랙 위도우 떠나보내기 너무 아쉽다 ,6
장르만 로맨스,왜 이렇게 연출을 하셨는지 모르겠지만.. 정신이 없네요.. ,2
콰이어트 플레이스 2,1편만 못하지만 꽤 괜찮았음 ,6
이도공간,장국영만 남은 영화.. ,4
랑종,노이랑 퐁 애미 너무 고구마 캐릭 아니냐?적당히를 모르네 감독이.  영화를 개뻔하게 만드는 고구마캐릭 두명때문에 1점 준다 ,1
이터널스,히로시마는 좀 아니지 않냐? 아무리 나이브한 태도로 넣었다고해도... ,1
바람,다시봐도 명작입니다아버지 사랑합니다 ,10
괴짜들의 로맨스,괴짜들이라고 해서 오바스러울것 같았는데 진지한 사랑이야기 였다. ,7
피닉스,잊을 수 없는 엔딩.. ,9
이터널스,믿고보는마블~역쉬짱입니다!! ,10
싱크홀,요즘같은 때에 모두에게 웃음과 희망을 주려는 감독과 배우들의 마음이 느껴져서 저는 별 백개 주고싶어요.. 눈물포인트도 있었고.. 천정부지로 솟는 집값에 코로나에 요 근래 웃을 날 없는 청춘들에 힘내자고 말하는 것 같아서.. 마지막 엔딩곡까지 가슴에 사무칩니다. 작품성 수익성 따지기에 앞서 시기적으로 이보다 더 울림이 있는 영화는 없었네요 제겐. 너무 감사해요. ,10
이터널스,일본 특촬물 느낌의 영화 그러나 나의 최향저격 b급감성의 유머.스토리. 그런데 왜 난 좋지 ㅎ ,9
장르만 로맨스,코미디 오락영화라고 하기엔 뭔가 애매하고 그렇다고 관계에 대해서 메세지를 전달하고자 하는거 같은데 그것도 애매하고동성애 감성은 뭐 시대를 반영하고 싶었나요 차라리 사춘기 남자아이의 감정선은 공감이라도 됐고 친구와 전부인과의 관계는 차라리 재미라도 있었지 대체 동성애는 왜 넣은건지 이해가 전혀 안되네요심지어 류승룡이라는 배우를 이런식으로 소모를 한다? 그냥 포스터처럼 아예 오락영화로 만드는게 훨씬 나았겠네요. 그런면에서 극한직업은 최고의 영화였다고 생각합니다.영화제목을 장르만 코미디라고 하시지 그랬어요vip포인트로 봐서 다행이었다는 생각이 든 건 이번이 처음이네요.돈 주고 이걸 본다? 당신의 2시간을 돈 내고 버리는 유쾌한 경험을 하게 되실겁니다 ,2
낙원의 밤,느와르 장르 좋아하는데 너무 재미있게 봤습니다 ,10
싱크홀,재미 빵점 감동 빵점 인간적으로 슬픈 장면에서 배우들의 표정이 찡그리고만 있지 눈물은 한번인가 나옵니다보는 내내 저 배우들의 연기력이 문제인지 감독의 디렉팅이 문제인지 계속 고민했숩니다. ,1
듄,클라멘타인의 뒤를 잇는 역작.. ,10
강릉,간만에 재미있는영화를봤습니다! ,10
듄,보는 내내 죽는 줄 알았다.. ,2
프렌치 디스패치,그 어느 전작보다 웨스 앤더슨 본인의 취향이 가득 담겨있는 영화 같다 ,7
장르만 로맨스,유쾌상쾌통쾌 킬링타임  시간가는줄모르고 재밌게봤어요간만에 볼만한 영화 내돈주고봄 ,7
퍼스트 카우,이런 영화를 극장에서 볼 수 있어 행복했음.. ,10
듄,난 솔직히 말하면 잤음 ㅋㅋ 내스타일 아닌것같음 근데 같이갔던 친구들은 재밌다고하네요 ,10
괴짜들의 로맨스,스토리가 얼마 없고 재미도 없어요 그냥 100분짜리 뮤비에 나오는 연기 보는 느낌입니다 ,2
싱크홀,차승원 웃겨서 잼있ㅋㅋㅋ 아이는 냅두지 ㅡ.ㅡ 혼자 두지 말라는 건가? ,8
듄,영화보다가 잠들고 눈을 떴는데 영화내용이 잠들 전과 비슷한 상황이라서 20분 가량 더 보다가 나와버림 ,1
마녀,너무 잼있게 봐서 티비에서 할때마다 보는 영화 ,10
장르만 로맨스,진짜 영화 별로예요.스토리도 연출도 마지막 음악도 비추예요.스토리 억지스러움. ,2
강릉,얕은 그릇에 차고 넘칠 파토스. ,4
싱크홀,별 생각 없이 킬링 타임으로 봤는데 .. 난 엄청 울었는데.. 일단 충분히 일어날 수 있는 상황이 공감.. 그리고 자녀가 있는 분들이보면 .. 스토리가 아무리 뻔해도 슬픕니다. ,6
이터널스,굳이 땡기지않았는데 마동석나온다고해서 봤는데 ㅋㅋ 재미없었음 솔직히 ,4
싱크홀,그냥 재미 하나만 포커스 낮추고 쭉 갔다면..어설픈 킬링타임용 영화 ,6
장르만 로맨스,믿고 보는 류승룡 + 자연스러운 연기의 대가 김희원 + 무진성의 완벽한 갬성.... 게다가 재미있기까지해 ㅠㅠㅠ 말모말모 ,10
듄,좋아요죠와요 진짜 재밋어요 ,10
싱크홀,넷플릭스에서 재밌게 봤어요 ....!!무엇보다 차승원씨 아들 디따 잘생김 ....예측가능한 영화!! ,6
이터널스,이것 저것 재미있는 요소는 굉장히 많다. 신화적 존재들이 사실 이터널스들이었다는 설정도 상당히 재미있었다. 하지만 어김없이 PC요소가 감상을 망쳤다. 마지막 이카리스의 변심도 납득이 잘 되지 않았다.태양으로 날아간 것은 신화와 끼워맞추기 위한 것인지 너무 작위적. ,4
장르만 로맨스,몇몇 요소는 불편할수도 있지만 정말 괜찮게 보았습니다 ㅎㅎ(무진성 배우의 차기작이 기대되네요!!!) ,7
타이타닉,어렷을때봤던 감동과  30살에 느끼는 감동이 너무다르고 가슴벅차다..최고의영화 ,10
디어 에반 핸슨,실패한 선택. 내용에 개연성이 떨어지고 쓸데없는 설정들이 많고 노래도 그저그렇고. 하지만 조규현 닮은 주연배우는 노래를 정말 잘한다 ,1
싱크홀, 이게 뭐야~~정말 최악 입니다. ,2
샹치와 텐 링즈의 전설,마블 영화가 아니랓그래픽 좋은 중국영화 마블 아이언맨이나 토르같은 영화 생각하면 안됨걍 중국영화임 ,1
13 구역,2번째 봅니다. 파쿠르 액션 정말 멋지네요. 스토리가 약간 빈약한데 리얼액션이 모두 커버합니다! 대박이네요 ,10
야구소녀,때때로 가슴 졸이게하고 눈시울을 뜨겁게 달아올리게 하면서 현실성의 테두리안에 오바하지않는 영화.. ,8
듄,지루하고 별로 였습니다. ,5
샹치와 텐 링즈의 전설,태극권같은데 춤추는줄알았다 역시 중국체조인가 중궈뽕 심하게 맞은 영화..//.. ,4
이터널스,댓글보고 기대안하고 봤는데 생각보다 재밌어요 영상미도 좋고 가볍게 보기 좋습니다 ,10
이터널스,연기력으로는 전혀 나무랄것없다.엔드게임의 파급력이 너무강해서 잔잔한느낌이드는 영화 엔드게임이 바닷가의 파도라면 이터널스는 잔잔한 호수에 물고기가 튀어오르는걸 구경하는 느낌 확실히 대중들의 안목도 높아진건 사실이긴하나 마블영화중 최악의 영화가 될것같다 2편을 암시하는 쿠키영상이있었는데 글쎄?나는 굳이 영화관에서 보고싶지는 않을듯 전체적인 영화의 흐름이 답답하다 각각의 배우들의 연기에는 흠이없다 개인적으로는 마블 영화중 망작이라고해도 과언이 아니라는 생각이드는 영화 그냥 재미있지도 없지도않은 소금간치기전의 곰국이랄까 싱겁다 국물은 찐하게 우러나서 담백한데 싱겁다 먹을만한데 맛있다는 느낌은 안든다-마동석은 여전히 마블리하다ㅋㅋㅋ 시그니처 죽빵치기와 싸다구는 헐리웃에서   도 통한다ㅋㅋㅋ ,5
꽃다발 같은 사랑을 했다,"굉장히 몰입하며 재밋게봤습니다.잘만든 스토리에 나의모습을 투영하며, 반성도하고, 공감도 하게되었습니다.간만에 잘만든영화를 봤습니다 ",10
샹치와 텐 링즈의 전설,내 인생 최고의 마블 영화였음 볼때마다 매끄러운 전개며 착착 감기는 ost며 집중되는 연기력에 놀라움. 벌써 세번 봄.  앞으로 디즈니 플러스로 계속 볼 예정. ,10
원티드,이게 2008년 영화라니.... 지금 개봉해도 전혀 꿀리지않음 ,10
듄,영상미 굿 ,9
구독좋아요알림설정,볼만하지만 더 잘 만들 수 있었던 영화 ,6
디어 에반 핸슨,연기를 진짜 잘함... 몰입감 높은데 스토리는 개연성이 조금 아쉽고 ost 너무 맘에들어요!! ,6
듄,<10분정도 스토리를 2시간 30분으로 하는 악마의 기술.> <찌질이들의 궁핍한 이야기.><음악은 1개로 돌리고 돌리고> ,2
미스트,"오늘 넷플릭스 지옥을 보면서, 영화 미스트가 떠올랐습니다.미지의 공포에 직면한 인간들이, 행동하는 개인적,집단적 모습이 정말 닳은듯.... ",8
악마를 보았다,진짜 악마는 있는거같다 ,10
그것만이 내 세상,너무 감동적이에요... ,10
듄,몰입도 최고 빨리 다음편보고싶다 ,10
싱크홀,와.... 제가 본 우리나라 영화중 최악의 졸작. 킹링타임용으로도 보지 마세요. 시간 아까움. 평점 1점 준적도 처음이네. 아니... 그리고 추천포인트 눌러야만 등록 가능하네? 연기가 좋았던 건 아니지만 다른 걸 도저히 누를 수가 없어서 연기 추천 누름. 하ㅜㅜ ,1
이웃사촌,빨갱이 미화 영화 감성만 팔고 현실은 없음 ,2
빠삐용,원작을 괜히봤네... ,2
나만 보이니,호러 좋아하는데 무서운거 못보는 난 재밌게 봄단지 사연있는 귀신의 스토리가 조금 더 반전처럼 그때 걔? 이런게 아니고 아~ 그렇구나 이거라서 후반 긴장감이 풀리는듯 ,7
장르만 로맨스,"다들 연기도 좋고 가볍게 웃으면서 보기 좋았어요! 재밌는데 평이 왜케 안좋은지,,? 유진배우 진짜 눈호강,, ",10
이웃사촌,평점 알바들인가 싶을 정도인데.. 평점 8점이상이라니... 억지 감동과 억지 스토리에 실화가 바탕이라는데 이런 종류의 정치풍자 영화중에서 가장 울림이 1도 없는 영화였어요. ,2
장르만 로맨스,내용은 좋았으나 표현방식이 사람에따라역겨울수도 있음.나는 역겨웠음. ,6
디어 에반 핸슨,너무 .. 좋아요 .. 인생영화 안에 들었어요 끝나고 노래 나오는데 영화관 나오기 싫었음 ㅠ ,10
싱크홀,기대 안했는데 쫄깃한 긴장도 있고 현웃 포인트도 있고 괜춘이요!! ,8
장르만 로맨스,배우들의 훌륭한 연기! 캐릭터들의 캐미! 재밌는 영화~~ ,8
디어 에반 핸슨,"왜이렇게 저 평가 되는거죠..? 너무 감동이였고, 마음이 뭉클해지는 정말 좋은 영화였네요..진짜 후기보고 안보실까봐 일부러 남겨요! 꼭 보세요 전 책까지 질렀습니다 ",10
간츠,만화 원작을 50%만 따라해서 이 정도로 재미없지 않을 것 같다.지루하고 스토리도 왜 이리 억지스럽고 초딩스럽지. 19금 만화가 초딩만화로 변질된 느낌이다.그냥 간츠 O 처럼 만들었어야했다. ,4
지금 만나러 갑니다,손예진님도 너무 좋아하지만..다케우치 유코의 그 느낌이 안나서 감정이입에 애를 좀 먹었던 영화..하지만 잔잔한 감동은 역시 명불허전입니다.원작 안보신분들은 원작 추천드립니다 ,8
이웃사촌,"정치적배경으로 싸우지말고(어쩔수없는우리지난날이니까)대한민국이기때문에 가능한 배경이라고,,그냥 그렇게만 생각하고 스토리를 보면 나름 휴머니즘이 아닐까!그리고 오달수배우의 최초이자 최후의 띵작^^ ",6
마음이...,진짜 밑도 끝도 없이 암울하네 ,8
프렌치 디스패치,자막은 보지 마세요~(봐도 이해 안돼요 ㅋ) 화면 속 움직이는 회화에 집중하세요!!^^ ,8
디어 에반 핸슨,평점이 생각보다 아주 낮길래 놀랐어요.호불호가 좀 갈리는 것 같던데 일단 저는 아주 감동적이고 재밌게 봤습니다.주인공 에반 핸슨의 행동에 이해가 되지 않는다는 분들이 계시던데 에반핸슨은 상담을 받을 정도로 정신적으로 아주 힘든 상태에요...그래서 이해하지 못하는 행동을 할 수도 있겠죠...모두가 힘든 때가 있을거에요 저는 그때 생각이 많이 나서 많이 울었어요. 이 영화를 보면서 힐링도 되고 교훈도 많이 얻었어요. 제 인생작이 되어버렸습니당ㅠㅠ 평점때문에 망설이시는 분들이 계시다면 꼭 한번 보시기 바라요.후회하지 않을거예요!!! ,10
흑사회,예전 홍콩영화 사나이의 우정 그런건없다진정 삶에 찌든 조폭영화 ,8
괴짜들의 로맨스,독특하고 재밌는 영화였습니다. 양면 포스터도 받게 되어 좋습니다. ,9
디어 에반 핸슨,스토리는 좀 그렇지만 노래가 상당히 좋다. ,9
장르만 로맨스,하 내가 뭘본거지.... 이렇게 하나 둘 희화화되며 일반화 될까 걱정입니다 ,1
이터널스,나만 재밌나..? 뭐지?.. ,9
장르만 로맨스,류승룡 배우님과 무진성 배우님과의 케미가 너무 좋았어요..ㅠㅠㅠ 진짜 너무 너무 재미있었고 다음에 또 보러 가고 싶을 만큼 너무 너무 재미있었어요!! 리뷰 보니까 일부 악플도 있던데 너무 속상하네요.. 진짜 재미있었는데...ㅠㅠ ,10
호빗 : 뜻밖의 여정,호빗 안본 눈을 가지고 있길 다행입니다!!! ,10
장르만 로맨스,장르가 공포인가 ,6
파이란,이번 재개봉으로 극장에서 볼 수 있어 더욱 감동이 컸습니다. 또한 감독님과 최민식 배우님이 직접 나오신 GV까지 참여할 수 있어 영광이었습니다. ,10
이터널스,자칭 지구수호자 골목대장들의 좌충우돌 지구 지키기 이야기 ,7
장르만 로맨스,한국영화  자주 보지만 며칠 지나면 내가 무슨영화를 봤는지 남는게 없는데즐겁게 웃을수 있어 좋았네요. ,10
미 비포 유,몇번을봐도 감동이 줄지않는 인생 영화입니다. ,10
이별계약,"연기도 좋고, 스토리도 슬프면서 감동적이네요..이래서 건강이 최우선 ",10
디어 에반 핸슨,노래가 너무 좋았어요 진짜 꼭 보세요ㅠㅠㅠ ,10
닥터 스트레인지,진짜 매력적인 캐릭터인듯 ,10
랑종,살면서 본 공포 영화 중에 가장 불쾌한 공포였지만 그렇다고 영화가 엄청 나빴다고는 볼 수 없었다… 배우들 연기 지렸…. 중간에 수치스럽게 벌떡 서서 보고 소리 때매 쫄려서 사운드도 돌비로 감상하다 껐다 태국 사람들 참 공포영화 장인이야… 넷플로 공짜로 본다면 뭐 추천…. (공포영화 꼭 봐야겠다면) ,8
장고:분노의 추적자,본 지 좀 됐지만 이 영화 연출은 천재가 아니면 할수 없는 연출이다. 이 영화가 왜 평가 절하 되어 있는지 이해가 되지 않는다. 이 영화를 보고 충격을 받았다. 내가 2000년대 본 영화중에 최고의 작품으로 뽑는다. 쿠앤틴 타란티노 이 사람은 졸작도 대박이지만 대작도 대박이다. ,10
싱크홀,나만 재밌게 본겨?나이 먹을수록 웃음이 줄어든다는데..난 아직 어린걸로~ ,10
랑종,솔직한 감상평으로 초중반까지 아무래도 태국감성의 신박한 느낌이 있어서 재미있긴했는데 뒤로 갈수록 걍 난장판되는 느낌? 아주 그냥 좀비물인지 걍 알아서 물고뜯고 맛보고즐기고 반복하다가 허무하게.. 그냥 배우들이 내용없는 영화 멱살잡고 캐리한거같네요 특히 여주인공이 연기 개잘했음 혼자 걍 북치거 장구치고 다하다 끝남 ㅠ 걍 평점 6점정도임 셔터랑 곡성의 반씩만 따라가주지 ..+ + 감독들끼리 만났는데 왜 마이너스가 됬노.. ,6
랑종,솔직한 감상평으로 초중반까지 아무래도 태국감성의 신박한 느낌이 있어서 재미있긴했는데 뒤로 갈수록 걍 난장판되는 느낌? 아주 그냥 좀비물인지 걍 알아서 물고뜯고 맛보고즐기고 반복하다가 허무하게.. 그냥 배우들이 내용없는 영화 멱살잡고 캐리한거같네요 특히 여주인공이 연기 개잘했음 혼자 걍 북치거 장구치고 다하다 끝남 ㅠ 걍 평점 6점정도임 셔터랑 곡성의 반씩만 따라가주지 ..+ + 감독들끼리 만났는데 왜 마이너스가 됬노.. ,6
랑종,솔직한 감상평으로 초중반까지 아무래도 태국감성의 신박한 느낌이 있어서 재미있긴했는데 뒤로 갈수록 걍 난장판되는 느낌? 아주 그냥 좀비물인지 걍 알아서 물고뜯고 맛보고즐기고 반복하다가 허무하게.. 그냥 배우들이 내용없는 영화 멱살잡고 캐리한거같네요 특히 여주인공이 연기 개잘했음 혼자 걍 북치거 장구치고 다하다 끝남 ㅠ 걍 평점 6점정도임 셔터랑 곡성의 반씩만 따라가주지 ..+ + 감독들끼리 만났는데 왜 마이너스가 됬노.. ,6
보안관,재밌네요 웃다갑니다ㅋㅋ ,10
이 세상의 한구석에,"우리가 일본애니 잼있으니까 찾아서 보는 거면서, 무슨 일본애니에서 우리나라 민족주의를 요구하냐? 일본 사람들에게는 본인 국가 본인 국민들 이야기가 중요하지 우리나라 입장이 뭐가 중요하겠어. 우리도 똑같잖아. 본인국가 본인 국민들 이야기를 놀랍도록 아름답게 표현한 애니매이션임, 객관적으로 봤을때 아주 우수하고 감동적입니다 ",10
스파이의 아내,일본 사람도 자기들이 무슨 짓을 저질렀는지 알고는 있구나. 아오이 유우는 우익이라고 들었는데 헛소문이었던건가?? ,6
듄,완전 지루함시간 돈 모두 아깝 ,2
디어 에반 핸슨,"노래 좋고 목소리 정말 좋고 연기도 좋은데 개연성 떨어지는 각본 구성, 노래와 연결되지 않는 흐름, 마지막 나오는 노래까지도 와닿지않는 강요식 반복. 왜 라라랜드 제작진이 음악구성을 했다고 광고에서 강조하는지 이해가 됐어요.. ",6
디어 에반 핸슨,"노래 좋고 목소리 정말 좋고 연기도 좋은데 개연성 떨어지는 각본 구성, 노래와 연결되지 않는 흐름, 마지막 나오는 노래까지도 와닿지않는 강요식 반복. 왜 라라랜드 제작진이 음악구성을 했다고 광고에서 강조하는지 이해가 됐어요.. ",6
택시운전사,송강호 연기 진짜 잘한다 ,10
장수상회,아..이거보고 눈이 빠질정도로 울었네요..부모님 생각이 많이 나게 하는 작품이네요 최고입니다!! ,10
기적,보다가 졸다가 보다가 졸다가… 잔잔하고 뻔한 코리아감성 코드 그래도 뭔가 있겠지 봤는데… 졸리기만 하다… 배역들의 감정교감의 개연성도 많이 떨어진다. 간이역이 생긴게 기적인지? 주인공이 유학간게 기적인지… 이 영화를 보고 만점을 준 사람들이 기적인지? ,6
장르만 로맨스,극한직업만큼 재밌진 않음. 유진 역 배우가 너무 좋았음 ,7
듄,사막이 좋아졌음 ,7
듄,정말 너무 재미있게 봤습니다 영상이 너무 예뻐요 ,10
"당신, 거기 있어줄래요",둘중에 하나만을 선택했어야 하는걸까? 현재의 나와 미래의 나 사이에 대립하는 가치에 대한 질문은 흥미로웠지만 딱 거기까지만.. 그래도 진심이 담긴 재회는 힘이 있다. ,8
이터널스,"평점 나만이해안가냐,??ㅋㅋㅋ골땨리네 ",10
당신은 믿지 않겠지만,잘만든 잊고싶지 않을 에세이집 한편과 같은 영상물입니다~ 수고하신 배우들에게 박수 아끼지 않습니다! ,10
강릉,오랜만에 볼만한 유오성 장혁 배우님들 명품연기 끝장난다ㅋㅋㅋㅋ 시간가는 줄 몰랐네요 ,10
샹치와 텐 링즈의 전설,중국이 문제인가 마블이 문제인가!?동양을 미개하게 보는건가??아니면 중국은 진심 자기네가 잘생겼고 미적으로 멋있고 예쁘고 뭐 그런가???이터널 여주도 그렇고 솔까 마동석도 왜 중국캐같냐?무튼..중국은 아직도 홍금보성룡 90초느낌나고 배우들 싹다!!거기다 마블이 대체 왜 동조하고 자기네 브랜드파워 싹깍아먹는 짓을 했는지 의문이고!!진심!!5분만에 토쏠리는 중국몽동양비하의 합작품이 너무 실망이다!!겉포장과배경은 번지르르한 마블인데..배우들 특히 동양계!중국계들이 너무 촌시럽다ㅠㅠ이질적이라 보기너무 힘들다ㅠ ,2
듄,웅장한 연출이 흥미롭지만 진행이 굉장히 지루했음 ,8
미녀 삼총사 3,기대 이상으로 너무 재밌고 출연진도 대박이고 ost도 최고임 다 애정해 ,10
이터널스,이걸 왜 재미없다고 하지? ,10
보이스,버벌진트형님 랩만 잘하시는줄 알았는데 연기도 잘하시네요! ,7
이터널스,별 스토리가 없음. 드루이그만 매력적 ,7
베놈 2: 렛 데어 비 카니지,"볼만은 했지만, 어린이용 히어로물느낌이 들어서 원작베놈과 간극이 좀 심한듯ㅋㅋ이왕 19세로 걸고 DC의 다크히어로식으로 갔으면 훨씬 더 좋았을꺼같음ㅋㅋ그런데 쿠키영상 진짜 지린다.. ",8
싱크홀,"솔직히 웃으려고 보면 문제 없음그래도 1,2점 주는 사람은 좀 심한것 같음 ",9
기적,충분히 색다른 소재고 내용도 재밌었지만 전개 중간 설정에 약간의 허술함이 보여 조금 아쉬웠어요 ,9
이터널스,동석씨의 귀여움을 잘 표현 안젤리나 졸라이쁘다…..ㅜ 배역들이 너무나 다 잘어울리고 잘 표현한거 같아요 감동적인 스토리 너무 좋습니다!이터널스2가 더더욱 기대가 되네요♡ ,10
이터널스,마동석 돈리  까만머리 미쿡인 니네 나라로 가라. ,1
비와 당신의 이야기,잉...  그냥그래요 제목도 어그로가 ㅠ그래도 잘봤어요..  남자님들의 첫사랑은 어떤느낌일까... ,4
불한당: 나쁜 놈들의 세상,임시완 설경구 연기에 눈을 못 뗌! ,10
싱크홀,장난하나 cg가 진짜 80년대 영화보다 못함 최악이네 ,2
강릉,와 진짜 너무너무 재미없어요....강원도사투린지북한말인지알수없는 사투리와 뜬금없는전개 진짜 비추비추 ,1
호빗 : 뜻밖의 여정,거대한 시작 ,8
블랙 위도우,"마블영화에서 바라는 기대치는 충족했으나, 그 이상은 없었던거 같습니다. ",8
디어 에반 핸슨,노래가 좋아요 ,8
비바리움,지금까지 본 영화중 최악이였음 스트레스 만땅 시간아까움 허무함 강력 비추 ,2
레드 노티스,블랙아담과 원더우먼 그리고 그린읍읍... 죄송합니다. ㄷㅔ드풀이 서로 뭐하는건지... ,4
이웃사촌,빨갱이 미화 잘하네. ㅉㅉㅉ. ,2
프렌치 디스패치,영상미는 정말 예쁘다 ,8
이터널스,스토리와 영상미 위주 마블 영화치고 액션이 약하고 재미없다 ,8
안나 카레니나,와 남주 진짜 존잘이네요 엠마뉴엘 베아르의 젊을적 느낌 맑고 청순한.주드로는..좀 충격이었습니다(연기말고) 키이라 나이틀리는 디올광고에 사랑말고 다필요없어 느낌. 연기가 여운이 없네요. 오히려 레빈역의 연기가 일관되게 좋았습니다.  연극적인 연출이 되려 몰입을 방해하는것 같았습니다. 의상에 공들인 느낌은 나네요. ,6
극장판 포켓몬스터2: 루기아의 탄생,단순한 스토리이지만 그래도 포켓몬은 포켓몬이니까 ,6
강릉,그냥 느와르주연배우들 보는 재미로 볼거면 봐도됨 근데 기승전결이 사람 죽이고 이게 다임 결과가 없음 그냥 너도 죽고 쟤도 죽고 아 걔도 죽고 얘도 죽고 ㅇㅇ 너도 죽어~~ 연쇄살인장면반복영화라고 보면될 듯 주인공이나 조연들은 다 연기를 잘해서좋았다만 지가 죽을 거 알고도 끝까지 가는 OOOO나 지 눈앞에거 부하들이 칼빵맞고 뒈지는거 구겅이나 하는 놈이나 각본상 노답 ,2
알.이.씨,마지막 30분이 있어서 그나마 7점 ,7
알.이.씨,마지막 30분이 있어서 그나마 7점 ,7
싱크홀,6점 주기도  아깝다는~ ,6
라스트 듀얼: 최후의 결투,좋은 연기를 보여주기는 했는데.. 소재있어서는 호불호가 좀 갈리지 않을까 싶었습니다. ,7
인질,억지로짜맞춘  스토리 시간이아까워요. ,2
네온 데몬,"여관방 쥔장, 키아누 리브스 ㅋㅋ ",2
이터널스,클레멘타인은 최고의 영화입니다. ,1
샹치와 텐 링즈의 전설,무술훌륭하고 스토리좋고 난 너무재밌게 봣당ㅋ ,9
007 노 타임 투 다이,시작부터 붉은태양(전범기연상) 일본식옷 일본식정원 일본식다다미 대사 유치함신파극 내가좋아하던 007이 아니였음다니엘 크레이그 를 이런식으로 떠나보내다니 참으로 안타깝다 ,1
실버 스케이트,기대하지않고 보았는데~ 감동입니다~영상미 스토리 연출 다 조아요~~해피엔딩 ,10
이터널스,너무 평점이 안좋아서 기대 아예 안하고 봐서 그런지는 몰라도 나름 괜찮았어요 다만 시간이 너무 길어서 지루하긴 했지만 기존의 마블 시리즈와 연관되는 내용들도 있어서 마블팬이라면 보는걸 추천드립니다 ,8
장르만 로맨스,막 스토리가 있고 그렇진 않지만 가볍게 보기 좋아요! 재밌었습니당 ,10
코마,연출 각본 모두 훌룡합니다 이영화가 고작 칠점이라니 제길…. ,10
뷰티 인사이드,그냥 아무생각없이 봤는데 인생영화 ,10
씬 시티,마브는 거의 무적이구만...ㅋㅋ근데 거기에 못지않게 싹슬이 하고 다니는미호 도 진짜 ㅋㅋ 마브+미호 가 살림 그리고 덤으로알바리즈 시절을 보는 즐거움 ,10
친구,남편이 보여줬는데 제가 중1때 나온 영화더라구요. 너무 완벽히 잘만든 영화라 깜짝 놀랐어요. ,10
이터널스,사람들 다 불호라고하지만 난 너무 재밌었다ㅠㅠ 역시 마블은 마블! ,10
투 러버스,ㅋㅋㅋ엔딩 대단! 원래 욕 잘안하지만한문장 평을 쓰지면‘OO홍상수야?ㅋㅋㅋ’호아킨 피닉스 연기는 잘하지만 여자인 내가 느끼기에 남자로서 매력은 없고 징그럽다는 느낌때문에 영화보면서 몰입이 힘듦.(특히 스킨쉽 부분들) 도대체 산드라가 빠져버린 매력을 아무리 찾으려 해도 찾을수가 없음 징그러움 또 징그러움.ㅜ 연출 의도는 괜찮았지만 상대에게 빠지는 장면이나 과정이 납득 안됨. 아무 이유없이 빠져드는게 사랑이라지만 그래도 개연성이 너무 부족한 느낌. 차라리 날것 그대로 같은 홍상수 감독 영화가 나은듯 이건 로맨스 영화도 아니고 병맛 영화도 아니고 어중간해서 별로 ,6
이터널스,다 어디서 본 것 같은 히어로들 짬뽕.. 차라리 그리스 로마 신화나 제대로 실사화 해주면 안되나 그나마 안젤리나 졸리 캐릭터랑 드루이드 역할 배우 연기가 신선했음 ,3
파라다이스 목장,난나니니뇨~ ...만 기억에 남은 드라마 ,2
이터널스,생각보다 괜찮은데 맞춰서 서있는것만 빼면재밌는거 같아요 ,9
강릉,코로나로 힘든시기에 극장가서 한국영화봐서 좋았습니다 좋은작품 고맙습니다 ,10
이터널스,진짜 이런 개연성 없는 마블 영화는 첨이고 보면서 이렇게 지루하고 액션은 꽝이고 잼민이 용 영화 느낌 ㅋㅋㅋ 뭔 파워레인저 보는 듯 ㅋㅋㅋ 보면서 어이털린 영화는 첨이다 ㅋㅋ ,1
싱크홀,처참합니다...이게 참... ,2
싱크홀,애니메이션인가... CG무슨일..꽃보다남자의 수영장 오리씬이 떠오름 ,2
프렌치 디스패치,"독자가 되서 기사를 읽는 듯 담담하게 관조하게 되는 뛰어난 영상미의 작품. 예술, 정치, 사회를 모두 건드려 생각할 거리를 많이 준다. 엔딩크레딧까지 아트. ",10
인사이드 아웃,울적한 마음을 달래기 위한 어른들의 애니메이션 ,10
라스트 모히칸,초딩때 보고 20대가 돼서 다시보니 또 다른 느낌이네요 ost와 연출이 그냥 미쳤습니다 ,10
프렌치 디스패치,"역시,,유명배우 라인업 개쩔,,믿고보는감독,,지루할까바 걱정했는데,빨려들어가더라시간순삭팝콘까지먹을수있어서 진짜조았음,,꼭,극장에서보세요영알못친구가,,재밌어해씀 ",10
안나 카레니나,안나가 노답인 이유는 성장기에 있을듯 오은영 박사의 말을 들어보자 ,7
고양이에게 밥을 주지 마세요,생명에는 경중이 없다.... ,10
변산,인생의 멋이 있는 좋은영화.       랩이 귀에 들리고 마음을 울린다 ,9
007 노 타임 투 다이,언제봐도 참 차분한 액션영화.. 초반에 쪼금만 나온 아나 디 아르마스가 본드걸이었으면 대박쳤을듯 ,6
밀리언 달러 베이비,중간부터 눈물이 멈추지 않았습니다... 앞으로도 내내 여운이 깊게 남을 거 같아요. ,10
듄,벌써 끝난다고? 하는 영화 보는 내내 경이롭다.꼭 영화관에서 보세요. 2023년 파트2 기다립니다. 가슴이 웅장해진다.. ,9
듄,드뇌 빌레브와 한스짐머 역시 실망시키지 않습니다. 진짜 최고예요 ,10
안나 카레니나,손연기다른사람들이 부인 욕해도 내 부인이니 험담 금해 달라올 화이트에 숲에 누워있는알렉세이 . 안나그가찢은편지조각은눈이더ㅣ어내린다그는 행복으로 충만하다...잘못에대한 사람들의 시선처리화면전개방식  한가지 분명한건 그녀는 어느모습이든 너무 아름답다는거 ,10
싱크홀,평점 주기 힘든 영화 ㅠ 어떻게 이런영화가 있는지 ,2
귀멸의 칼날: 나타구모산 편 ,"음악도 너무 좋고 영화관에서 보니 너무 좋았어요. 한번더 볼 예정입니다. 남매의 연도 좋았지만, 액션신도 늘어나고 나타구모산 편이 더 재밌었네요. 인생 최고의 애니메이션을 극장에서 만나니 더 좋았습니다. ",10
디어 에반 핸슨,음악은 감동이지만 공감이 쫌.... ,6
귀멸의 칼날: 남매의 연,말해뭐해 최고의 애니메이션의 시작이네요. 너무 좋았습니다. ,10
장르만 로맨스,연기와 연출이 너무 좋았어요. 웃기는 장면도 너무 좋았어요. 재밌는 작품인데 평점이 너무 낮네요. 조은지는 연출도 잘하네요. 배우들도 살아 숨쉬는 캐릭터를 모두 잘 살린듯. ,10
안나 카레니나,화려한 영상미는 있지만 97년도 소피마르소가 출연한 버전이 훨씬 더 여운이 남아요. 이번 버전은 좀 아쉽네요.. ,6
이터널스,"영화평을 처음으로 적습니다. 평이 너무 나빠서 포기한 상태에서 보러갔는데... 저는 잠시도 눈을 떼지 못할 정도로 재미있게 보았습니다. 오히려 왜 이렇게 욕을 먹는지 음... 절대다수의 평이 안좋은 것을 보면 불호가 많은 것이 팩트겠지만 제 취향과 맞았나 봅니다. 소문으로는 액션이 적다고 하는데 영화를 보고난 이후 저는 사이 사이 액션씬도 충분했다고 느꼈습니다. 개인적으로 마블 탑3에 넣어봅니다. 저같은 사람도 있을 듯 하므로 안보는 것 보다는 기대를 접고, 마음 비우고 보러 가는 것을 권합니다. ",10
이터널스,짱깨가 감독을 하면 영화는 망한다.착짱죽짱은 틀린말이 아니다.영화 쌉노잼.마동석 10분도 안나옴.한국인을 농락한 짱깨영화 ,2
강릉,유오성 장혁 오대환 연기 너무 좋고 모든 배우들 다 너무 좋았어요. 남자들의 찐한 영화 너무 좋았습니다. ,10
듄, 진짜 재미있네요... 2편 언제기다려 ㅠㅠ ,10
보이스,보이스피싱이라는 소재로 얼마나 재미있는 각본과 연출이 나올라나 사실 크게 기대는 안했는데 영화를 보는 내내 흥미진진했고 스토리가 복잡하진 않으나 꽉~찬 느낌을 받으며 처음부터 끝까지 이 느낌으로 보았습니다. 강추합니다 ,10
이터널스,재미없다는 글이 많아서 기대안하고 봤는데왜이렇게 재밌어요  마동석님 나오시니 신기하고ㅋ영어도 잘하시네요무지 진지해서 지루하다고들 느끼는거 같은데 영상도 멋졌구요.각자의 능력으로 싸우는모습이 넘멋졌어요. 내용이 너무재밌어서 긴시간이 지나는것도 지루하지않았어요다음편도 기대되요.강추 ,10
안나 카레니나,확실히 2013년도 버전보다 연출력이 뛰어나고 깊이가 있네요. ,10
듄,"티모시의 눈부신 미모에 눈을 뗄 수 없었다. 음악과 신선한 소재. 사막이 바다처럼 움직이는게 신기했다. 던컨의 충직함, 유에의 배신.영웅의 탄생을 알리는 듯한 강렬한 1편이었고 2편이 더욱 기대된다! ",10
너의 이름은.,맘이 따뜻해지는 최고의 애니 ,10
장르만 로맨스,웃기기만 한 영화인줄 알았는데 스토리도 있고 감동도 있고 연기들을 넘 잘하셔서 잘 봤어요^^ ,10
강릉,자고 일어나니 영화가 끝나있었다 ,1
장르만 로맨스,별 스토리 없음 ,6
와이키키 브라더스,나이들면서 볼 때마다 새롭다. 음악은 덤. 유명 배우들의 리즈 시절은 눈요기. ,10
싱크홀,넷플릭스로 봐도 욕나오내 내 시간 돌려내라 ,1
신세계,꼭 보세요 너무 잼있음!!! ,10
이터널스,보다 잤다 와이프도 같이 잤다 ,1
디어 에반 핸슨,노래가 다 하고 너무 현실성없고 억지내용 거짓말을 왜 해서 두 번 죽이는 거지 ㅠ 절대 용서할 수 없는건데 뭔가 주고자하는 메세지는 좋았으나 내용이 막장이었다 ,3
내겐 너무 소중한 너,너무 많이 울었습니다ㅠㅠ ,10
007 카지노 로얄 ,007의 손꼽히는 걸작 에바그린은 최고의 팜므파탈 ,9
프렌치 디스패치,새로운 느낌. 후반에는 조금 지루하긴 했음 ,8
장르만 로맨스,괜춘. 수능 끝나고 보기 좋았음 ㅎㅎ ,10
파이란,"내몰린 두 사람, 서로밖에 기댈 사람이 없었지만 너무 늦어버린 두 사람 ",7
듄,그냥 워스트오브 워스트 입니다 ,1
매드맥스: 로드 워,이것은 1점이 아니다. 11점이다. ,1
블랙 호크 다운,20년된 영화 맞나? ... ,10
이터널스,방금 보고 옴. 평점 낮아서 망설였는데...집사람이랑 저 모두 만족함. 평점이 너무 박함. 추천까지는 아니어도 비추는 아님! 그리고 앞으로 계속 볼 사람이면 그냥 보셈. 이제 시작이니까. 마지막으로 끝나구 2편(1개 아니고 2개)의 추가 영상이 있으니 놓치지 마시구요. ,8
간츠: 오,엄청난 CG와 액션연출에 박수를! 유치한 남녀배우 설정과 대사... 변하지 않는 유치함에 절레절레 하고 갑니다. 도대체 일본 남녀의 성역할과 유치한 대사설정은 변하지 않는 종특인가.. 왜! 왜! 왜! 그런거냐고! 그놈의 칼들고 반자이!! 돌격은 수백년째 변하지를 않네..ㅠㅠ ,6
사라진 시간,기승까지는 완벽한데 전결이 없는 영화 그리고 많았던 떡밥들을 회수하는 듯한 장면들을 보여주기는 하지만 떡밥들에 대한 궁금증이 완전히 해소되지 않는다 ,5
장르만 로맨스,"뒷부분이 조금 아쉬운 스토리지만, 중반까지는 재밌었습니다~ ",6
이터널스,정말 너무나도 유치하고 안젤리나졸리연기는 좋았음 컨셉 잘못된듯 마블영화중 최악매우실망임 전개도 어설픈듯함 ,2
싱크홀,아니 이거 평점 왜케 높음?? 이해안가네 ,4
디어 에반 핸슨,"평점이 낮은 이유도 이해가 가는데, 에반의 삶을 깊게 이해하면 그 실마리가 풀림. 작가도 에반 깁스의 정체를 마지막에 밝힌 것도 99%의 감동을 불편하게 하는 1%의 거짓말을 말소하기 위한 최고의 구성이었다고 생각함. 에반이 아직도 아버지를 그리워 하는 것을 보면, 기억도 잘 나지 않을 어린 시절 아버지가 떠나가 버린 상실감이 매우 컸다고 사료됨. 설상가상으로 어머니는 바빠서 같이 있어주지도 못하니 정신과약까지 복용해야 할 정도로 심한 우울증과 불안증세를 겪는 주인공임. 그렇지 않은 우리도 일상에서 당황하면 나도 모르게 거짓말이 튀어나올 때가 있는데, 이런 장애가 있는 친구에겐 어찌보면 거짓말이 당연하지 않았을까 싶음. 하물며 오해받기 딱 좋게 코너 주머니에 에반에게 보내는 편지와 에반 깁스에 크게 적힌 코너의 이름을 보더라도. 근데 나도 한가지 이해가 안 간건 거짓말로 인생이 잘 풀리긴 했는데, 그럴 수록 사실 더 불안해져야 하는게 인간 심리임. 불안장애가 있는 친구가 코너 프로젝트를 제끼고 죽은 사람 여동생과 연애를 즐기는 일탈이 정신과약을 먹는 사람이 행할 수 있는 지는 잘 모르겠음. 아무튼 이런 저런 감동을 끌어가면서도 한편으로는 결국 저거 거짓말이잖아? 이래도 돼? 라는 불편함을 마지막에 에반도 자살할 만큼 외롭고 힘들었던 것을 통해 상쇄시키는 것이 인상 깊었음. 불안하면 거짓말로 이루지 못한 것들을 이룰 수도 있다고 생각함. 단지 개연성 차원에서의 말이지 도덕적으로 그게 옳다는 건 아니고.. 결과적으로 난 이거 치유물이라고 봄. 다들 비밀 하나쯤은 있지 않나. 모두 힘내서 살자. ",10
장르만 로맨스,"작가만의 세계를 탐험하고 온 기분…여러방면으로 열린마음과 가치관이 있고 아무 생각없이 보려한다면 재밌을거같음.(난 열린가치관을 가진 사람이 아닌걸로^^,,)출연자들의 연기는 좋았음. ",4
디어 에반 핸슨,절대 이렇게 낮은 평점을 받을 영화가 아니다. ,10
귀멸의 칼날: 나타구모산 편 ,TVA도 극장에서 본다면? 배로 재밌다. ,9
호빗 : 뜻밖의 여정,골방 빈티지 미들에이지 판타지 취향이 아니라서 그다지 별로 ,6
듄,천문학적인 돈을 들여서 이렇게 재미없게 많들수도 있구나..!!  CG외엔 볼게 없음..  보는동안 절반을 졸았음..  먼내용인지 ..~ ,2
듄,"일단 전개가 너무 느리고 액션,전투씬을 원하는 사람들은 기대하지마세요 정말 지루합니다 보다가 두번이나 졸다가 겨우 다 봄. 아직 1편이라 잘 모르겠지만 다음 화 나오면 볼테지만 나와도 기대는 안됩니다. 뒤로 갈 수록 악당,스파이스는 논외고 계속 주인공 무리들이딴짓하는느낌 ",5
디어 에반 핸슨,"오랜만에 느끼는 감동, Ost만으로도 충분한 가치가 있는 영화 ",10
싱크홀,싱크로율이 hole로가서  싱크홀많은걸 느끼게끔 욕심내서 아무것도 안느껴지는 남는거없는 내 인생 최악의영화 ,1
강릉,비현실적이지만 완존몰입해서봄 ,10
꽃다발 같은 사랑을 했다,이 영화를 보고 누군가를 떠올렸다면 이 영화는 그 자체만으로도 훌륭한영화이다... 이 영화를 보고 인상깊었다기보다 아 주 오랜만에 누군가의 이름이 생각나서 평점을 높게주고싶다.. ,8
천년을 흐르는 사랑,흠~~~어렵다ㅡ.ㅡ마지막 부처는 좀~~~한글 제목도 좀~~~ ,7
프렌치 디스패치,"두 번 봤는데, 1회차 때 놓친 부분을 2회차 때 눈에 담을 수 있어서 좋았다. ",8
싱크홀,나쁘지 않구만...8점은 줘도 될듯한데 ,10
싱크홀,연출이 너무 진부하다.2000년대 초반에나 만들법 한 코믹재난 영화정도.. 한국 재난영화 그만 좀..크레딧 영상에 나오는 럼블피쉬 노래만 의외였음.옛날노래인데 나오길래.. 럼블피쉬 노래는 좋았음.. ,4
악마를 보았다,이런 시나리오에 공감하고 출연한 최민식이는 인간도 아녀!이건 영화도 아니고 그저 배우의 인간성만 보여줄 뿐인 그저 그런 화면. ,2
비바리움,왠만하면 댓글 안 남기는데 이렇게 기분 드러운 영화는 처음이다. 싸이코 영화가 굳이 취향인 싸이코들 빼고 절대 보지 말길. 감독 면상 한번 보고싶네. 감상 포인트 골라야 글 올릴 수 있어서 아무거나 고름 ,1
수색자,소재는 좋았으나 전개가 너무 엉성했다. 보니까 감독하고 다른 사람 공동 각본이던데 영화를 만드는 사람들 맞나 싶을 정도로 엉성하더라. 일단  이 사건의 원흉은 당시 서울대 이등병의 탄창을 빼서 던지도록 시킨  박병장 ㅅㄲ와 유탄발사기 장착한 상병 ㅅㄲ 두놈이다. 실탄 한발도 아니고 GOP부대에서 실탄 든 탄창을 분실한다는게 얼마나 엄청난 사건인지 군필자들은 알꺼다. 그런데 그걸 행하냐.. 완전 악마지.. 그들 모두의 잘못이라고는 하지만 그러기에는 그 두놈 잘못이 가장 컸음. 박병장은 제대후 자살했는데 K203 상병은 보이지도 않던데 뭔 시나리오가 이리 허술하냐. 서울대 이등병이 탄창 분실후 소대장에게 혼날때 신나서 웃는 놈들이 이 두놈 뿐이었다. 그리고 장전된 소총 총구로 가슴팍을 치는 행위를 하는 소대장.. 완전 OOO지.. 지뢰는 밟으면 터진다. 쌍팔년도 전쟁영화 시절에나 나왔지 요즘에는 그런 장면 잘 안넣는다. 촬영용 실총 대여받아서 촬영했을텐데 완성도를 위해서 낡은 티 좀 내지  부대원들 총 완전 새거인거 보고..(...). 병사들 총격 씬에서 애들 총싸움도 아니고 전투 대형이 안습이고 사격시 반동도 거의 없던데 공포탄을 단발로 쏘기에 그러기도 하겠지만 그럴땐 배우들에게 실총 사격처럼 반동 액션 좀 하라고 감독이 알려주던가.. 대대장(중령)이 이등병 자살사건 파헤치려는 여군 중위 숙소 찾아가서 몸싸움 하던 때에 권총 오발로 사망했는데 성폭행 정황하고 안맞는다.  두 사건이 동시에 일어난 것으로 보기에는 영화 전개상 안맞기도 하고. 그리고 송창의 명함을 보면 군사망사고진상규명위원회인데 대통령직속이고 태극마크(정부부처 대부분은 몇년 전부터 몇 개 기관 빼고 태극마크를 씀)도 있는 정부기관인데 사무실 전화번호도 없고 메일 주소는 공무원들 메일 주소(korea.kr)도 아닌 한메일..(...). 전개 방식은 물론 곳곳이 헛점 투성이라 이거 원.. ,2
헝거게임 : 판엠의 불꽃,낚였다 너무 재미없고 지루함 ,2
업,픽사 최고작 ,10
샹치와 텐 링즈의 전설,기대 안하고 봤는데 너무 재밌네요. ,10
장르만 로맨스,사람관계에 대하여 깊이생각할 수 있었어요 ,10
샹치와 텐 링즈의 전설,ㅋㅋ중궈스럽네뻔하고 ㅡㅡ ,1
그녀의 가족은 잘못이 없어,"제1회중랑청소년영화제를 통해서 '그녀의 가족은 잘못이 없어'를 아주 재밌게 잘봤습니다. 배우분들의 연기도 좋았고, 내가 살고 있는 중랑의 곳곳이 나와 더 좋았습니다.^^ ",10
담보,너무 감동적인 힐링 영화 ,10
"연공: 안녕, 사랑하는 모든 것",청소년때 충분히 느낄 수 있는 감정들이 잘 표현된 것 같고 스토리도 나쁘지 않음 슬프지만 사랑스러운 스토리의 영화임 ,10
이터널스,"절대 6점대 영화는 아니에요. 극장에서 볼 만 한 영화고 오락영화로 저는 좋았습니다. 다들 너무 평점을 짜게 주시네요… 저는 스토리도 나름 신선했고, 문화적 다양성을 포함하려는 시도도 좋았어요. 안젤리나 졸리와 마동석 케미가 좋았어요~ 극장에서 보시는 것 추천입니다!! ",8
추억의 검정고무신,어릴적 티비로만 만나보던 검정고무신 아주좋앗어요 ㅎ ,10
장르만 로맨스,예고가 다했네 답답하다 ,2
싱크홀,저만 재밌나요???? ,10
파이,진리와 법칙을 향한 강박. 그 허망함을 내려놓았을 때 비로소 보이는 하늘. <레퀴엠>의 전조가 보이는 인상적인 데뷔작 ,9
이터널스,아 슈퍼히어로영화보는느낌이아니고 뭐랄까 걍 뭐본지 모르겠음 6 점때는아니겠지하고 봤는데 너무하네진짜 ,3
장르만 로맨스,급발진할 때가 제일 웃기네요 ㅋㅋ 아들 나올 때 너무 기대되네요 ㅋㅋㅋ ,8
장르만 로맨스,러브액츄얼리 한국판 아류 카피작 ,1
필로미나의 기적,나였으면 절대 용서 안 한다는 마틴의 말은 사실 감독의 속마음이 아니었을까. 그래도 남을 미워하며 살진 않겠다는 필로미나의 태도는 본받을 수 밖에 ,9
디어 에반 핸슨,좀지루하네요..그치만 내용은 볼만합니다~! ,7
너에게 가는 길,신파적 연출 없이도 이렇게나 눈물을 짜게 만들 수 있다니... ,10
핵소 고지,별점 알바생들이 많은듯. ,2
007 노 타임 투 다이,죄송하지만 일본 일본 일본...  위한 무비역대 최악의 ost Giod bye  다니엘 좋은 기억만 가질게요 ,2
듄,이해력 부족하면 보기 힘들듯 ,10
미나리,스토리 좋았고 재밌게 보았다 ,10
이터널스,뜬금없이 남자끼리 키스하는 장면이 나와서 깜짝 놀랐고 역겨웠다. 이게 정말 꼭 필요한 장면이고 꼭 필요한 설정이었냐? 그리고 마블영화 특유의 가볍고 신나는 분위기를 좋아했는데. 이건 뭔 별 시덥잖은 설정에 캐릭터들 매력도 빵점인데. 서사가 너무 장황해서 졸리기만했다. ,2
어니스트 씨프,스토리 좋았고 재밌게 보았다 ,10
모추어리 컬렉션,스토리 좋았고 재밌게 보았다 ,10
듄,올해 본 영화중 가장 최고 ㅇㅇ ,10
불한당: 나쁜 놈들의 세상,진짜 재미난 영화를 이제 보다니. ,10
고양이에게 밥을 주지 마세요,잘봤어요..!! 감동적이었습니다 동네고양이들과 사람들이 더불어 잘 살아가는 날이 꼭 오길바래요 ,10
장르만 로맨스,잔잔히 넘 코믹하게 잘 봤습니다 ,10
모가디슈,정말좋았던 한국국내영화 ,10
기적,재밌게 잘봤어요~ 배우들 연기도 훌륭했습니다. ,10
샹치와 텐 링즈의 전설,무술 액션 동양인 괜찮던데 평점이 낮네 ,10
굴뚝마을의 푸펠,좋은데요~ ㅎ음악 노래 영상미 좋았어요 ,10
이터널스,"악평에 비해 나쁘진 않았는데, 최대한 난잡하게 하려는 면도 없었다. 다만, 아즈텍과 히로시마는 보는 사람의 관점에 따라 불편할 수도 있다는 생각이 들었다. 감독의 전작 노매드랜드가 느껴지는 영상미였고, 결론은 페이즈 4의 한조각이라  그런지 아직은 심심한 게 있다. ",7
지옥 - 두개의 삶,대박이다..가슴 조리면서 봤네요 ,10
보이스,리얼.시간가는줄 모르고 봄...이 정도면 잼.있지.않은감 ,10
장르만 로맨스,순수한 감정.제대로다. ,10
장르만 로맨스,오랜만에 가족들과 깔깔깔 웃고 다시한번 사랑의 방식이 다름을 인정하는시간이었어요.청소년기 아이들과 부모가 같이 봐도 무난하게 볼수있고 무엇보다 자극적인 부분이 없어서 부담없이 잘 보구 왔네요. ,10
아야와 마녀,한 편의 서정적 동화같던 짜임과 감성의 지브리는 잊어라! 메타버스와 3D시대의 뉴웨이브에 발맞춘 뉴지브리로 다시 태어났다! 잊지말라구! 쿨펀함을 강조하는 건 환경부 장관만이 아니란 걸~. 색감 줄거리 개연성 모두 유아의 선호에 최적화! 코코몽의 최대 라이벌?! 바로 나 아야짱이라구! ,1
아야와 마녀,한 편의 서정적 동화같던 짜임과 감성의 지브리는 잊어라! 메타버스와 3D시대의 뉴웨이브에 발맞춘 뉴지브리로 다시 태어났다! 잊지말라구! 쿨펀함을 강조하는 건 환경부 장관만이 아니란 걸~. 색감 줄거리 개연성 모두 유아의 선호에 최적화! 코코몽의 최대 라이벌?! 바로 나 아야짱이라구! ,1
터미네이터 2:오리지널,또 봐도 재밌다. 91년 개봉 때 본 후로 몇번을 봤는지 모르겠다. ,10
장르만 로맨스,요새 불면증때문에 힘들었는데 덕분에 잘 잤습니다.  영등포 롯데시네마에서 한 분은 시작부터 코골면서 자더라구요 ,1
007 노 타임 투 다이,다니엘 크레이그는 딱 처음 그리고 다음 편까지는 좋았다. 신선해서. 그런데 대체 얘는 007로서의 매력이 전혀 없음. ,2
크리스마스에 기적을 만날 확률,기적이란게 다르게 보면 자신속에 원하던걸  숨겼던게 아닐까? ,10
싱크홀,처음 올림. 시간아까움 ㅜㅜ ,2
비긴 어게인,음악영화 중에서 No.1 ,10
장르만 로맨스,진짜 너무 웃겨요 무진성배우님 외모에 감탄 ,10
이터널스,그래픽에 신경을 너무 쓴 나머지 스토리는 폭망 ,4
강릉,강릉사투리 재미있어요. ,10
이터널스,ㅋㅋㅈㄹ 마블맞냐  실망이다 ,1
이웃사촌,좌파고 우파고 간에 친북 친중은 절대 안된다 중정 안기부 정말 날로 먹고 돈만 챙긴 쓰레기들다만 신경 쓰이는건 초반 석면 슬래이트에 삼겹살 구워 먹는 장면 나오는데 개도국 시절 많은 사람들이 저리 먹고 암에 걸려 돌아가신 분들 많을듯 ,8
디어 에반 핸슨,라라랜드보다 나았다ㅗ ,8
테이킹 라이브즈,네 시작은 창대하였으나 끝은 미약하리라. 제작비가 떨어졌나 잘 나가다 용두사미여?  그리고 넷플릭스 자체 검열 좀 하지 마라. 졸리 가슴 좀 몇 초 더 보여주면 세상 끝나니? 그게 이 영화의 하이라이튼데? ,6
듄,세계관 용어를 강제로 내뇌에 때려박을려는 영화. 새로운게 나오면 와 저건 또 뭘까? 가 아니고 저건 또 뭐야...하게 하는 영화. 음악과 영상 둘 다 웅장하지만 긴 런닝타임동안 너무 많이  반복되어 오히려 흥미나 긴장감을 유발하지 못하는 영화. 세계관을 이해할려면 원작 공부하라는데... 성공한 영화들을 보면 따로 원작을 공부 하지 않아도 영화안에서 충분히 설명해주고 흥미의 연쇄반응을 일으키지만 이영화는 그게 아니다. 정말 불친절한 영화 ,1
피치 오브 타임 극장판,둘 다 저승으로 보내버리고 싶다 ,2
악마를 보았다, 그지같은 영화 그지같은 영화 ,2
장르만 로맨스,장르만 로맨스 신선한 장르의 컨셉이었네여 ,8
장르만 로맨스,그냥 최악이에요. 돈 아까워요 ㅜ ,2
싱크홀,가족영화로 정말 좋아요 ,10
1984 최동원,1984최동원 잘봤습니다..! ,10
미성년,마지막 장면이 황당했지만 그 의미를 자꾸 곱씹게 되는 영화. 영화 참 좋다. ,10
내일의 기억,저능아들이 이해못해서 1점주고있네ㅋ ,10
장르만 로맨스,마지막대사가 좋았다~~ ,10
강릉,음악도 좋고 그리 나쁘진 않앗는데 평은 그냥저냥이네요 영화는 영화일 뿐 그대로를 해석하시는게~볼만 햇어요 ,10
이웃사촌,빨갱이  영화입니다  영화계도 좌파가 장악했네요~~~ ,2
장르만 로맨스,"엉망진창 코미디, 장르는 로맨스 ",10
범죄와의 전쟁 : 나쁜놈들 전성시대,역시 깡패는 날고 기어도 개미일뿐이야 ,10
송해 1927,그렇게 시간이 흘러가다! ,8
프렌치 디스패치,스토리 자체보다 영상미를 위해 스토리를 고른 느낌. 영상미는 좋으나 마지막 옴니버스는 내용자체가 이해하기 힘들엇음. ,5
극장판 바이올렛 에버가든,아름다운 작화로 그려낸 망상적 우화 ,3
안나 카레니나,"영상미, 연출, 배우들 연기까지 나무랄대 없는최고의 영화!! 특히 애런존슨은 최고 ",10
울림의 탄생,사뭇 다르게 들리는 깊고 웅장한 울림 ,7
강릉,배우들 연기만 좋음 ,5
프렌치 디스패치,대사가 휘몰아쳐서 솔직히 따라잡기 조금 힘들긴 했지만 그냥 너무 예뻐요. 마지막 세번째 이야기는 정말 감동적. 외국에서 이방인으로 고생하던 예전의 제가 생각 났네요. 모든 이야기들을 백퍼센트 다 이해할수는 없었지만 그래서 더 궁금하고 자꾸 찾아보게돼요. 재관람할 예정입니다 ,8
용길이네 곱창집,재일 교포의 애환보다는 “사랑과 전쟁”에서나 볼 듯한 사랑 이야기에 집중하고 있어 아쉽다. 잔잔한 전개 속에 배우들의 연기만 눈에 들어오고 나머지는 그저 그렇다. ,5
장르만 로맨스,"교양있는 분들께는 별로 일 수도 있지만, 전 너무 재미있게 봤네요^^ ",10
뮬란,"인상 깊은 장면이나, 기억에 남고 다시 생각나는 부분이 전혀 없네요.  마지막이 허무한 느낌이 드네요. ",1
미션 파서블,아무 고민도 생각도 없이 만든 각본을 가지고 가벼운 웃음을 전달하려 하는데 대부분 실패한다. 두 주연 배우는 어떨 땐 과장된 연기를 하고 있어서 보기 민망할 때도 있다. ,4
랑종,개똥덩어리 곡성도 똥덩어리였는데 이건 한술 더뜸ㅋㅋ 존나 아무의미없고 무서운 장면도 하나도 없었음 버러지영화 ,1
그린 마일,10 년만에 마음 단단히 먹고 다시봐도 그 어떤 피튀기는 영화보다도 잔혹한 영화. 결론은 지네 병고친다고 이용만 당하다 죽은 존 커피. 다 위선자 같고 차마 끝까지 볼 수 없을만큼 너무 씁쓸하네요 ,1
싱크홀,혹시나 했는데 역시나였다~~다른 작업 하면서 보는둥 마는둥 할 때 틀어놓기에 좋았음...CG나 연출이 B급을 넘어서 C급 수준이라 오히려 개웃겼음 ,2
랑종,차라리 '그것이 알고싶다'가 나을 듯 ,1
무수단,넷플릭스에 올라와 봤는데 보고나니 화가 나네요.  이런 신기한 체험 함 해보세요.  나중에 욕은 하지마시고요. ㅋ ,1
내 사랑,절제된 슬픔.내면의 사랑을 적은 언어료 깊이 표현된 영화.간만의 깊은 울림의 영화이다. 최고!!! ,10
랑종,등장인물중에 님?은 포스만보면  쌉고수같아서 든든했는데....자다가 갑자기 죽었다길래 좀 황당했어요 ,10
샹치와 텐 링즈의 전설,호평하는 사람 다 알바네ㅋㅋㅋ 확실한건 짱깨자본 떡칠한 최악의 마블영화였다는 사실이고 너무 유치하고 억지로 끼워맞춘 느낌이었음 ,1
걸캅스,쓰레기영화ㅇㅇ말이 필요? ,1
장르만 로맨스,아... 사춘기 아들 연기는...ㅜㅜ 그부분 스토리도 이상하고요ㅠㅠ 안나왔다면 더 좋았을 것 같아요..ㅜ 진짜 보기 힘들었어요. 나머지는 가볍게 볼 만 했습니다!김희원 택시 번호판 찍을 때 빵터졌어요 ㅠ ,6
그렇게 아버지가 된다,감동적이고 잔잔해요. ,10
디어 에반 핸슨,노래는 괜찮지만 주인공을 이해하기 힘들다. ,1
알.이.씨,오래전에 봤을 때와 지금의 느낌이 다른 영화현시대가 정신 없다 보니 출연진들의 아우성 패닉 정신 없는 상황이 너무 혼란스럽다어째든 몰입도는 최고 ,10
이터널스,개연성도 없고 pc는 pc대로 묻고 cg도 허접해서 위기감도 안느껴지고 내 살다살다 영화 언제 끝나지 생각하면서 본건 이게 처음이다 ㅋㅋ  돈 내고 스트레스를 샀네  마블 다시는 안본다 ,1
이터널스,CG처리하느라 고생 많이한거같아 별 두개...노답캐릭터들과 삼류 스토리...무엇보다 핵노잼...매너리즘에 빠진 마블이 정신좀 차렸으면 ,2
장르만 로맨스,살다살다 영화 보다 화난 건 처음. 내용도 없고 재미도 없고 ,2
장르만 로맨스,관계에 대한 이야기재밌게 봤음 ,9
장르만 로맨스,최고에요 영화평점 처음 남겨봅니다 제발 꼭 보세요 인생영화 .. ,10
걸캅스,현실은 치안콜걸인데...그래 뭐...영화에서라도 무쌍찍어야지... ,1
프렌치 디스패치,웨슨 앤더슨하다~는 것을 보여줌 ,8
호빗 : 뜻밖의 여정,못보신 분들은 꼭 관람하시길 바랍니다!! ,10
듄,어디가 재밌는거죠 너무 지루함...장면들도 다 어디서 본것같고...ㅜㅜ 러닝타임은 너무 쓸데없이 김 ,2
파이란,절절한 마음이 전해지는 과정을 온몸으로 표현한 최민식선생님의 연기가 경탄스럽다 ,8
싱크홀,진짜 너무들한다 올해 본것중 최악중최악 별점 주기도 싫음 ,1
호빗 : 뜻밖의 여정,클래식은 영원하다는 것을 보여줌 ,9
007 노 타임 투 다이,과거는 지워저야 하니까 이해한다 하더라도 스토리는 007에 어울리지 못했다 무게감 떨어짐 상상력은 신선했고 왜 마지막 사랑이 스펙터임? 암튼 갠적으론 가장 007 다웠던 본드이자 그에게 어울리는 결말이였다 라샤나 린치 너무 매력적이고 세월이 야속하듯 아쉽다 차기 007은 누가 될지도 기대됩니다 ,10
부산행,볼 때 마다 재미있지만 진짜 양심 없다.부산행 익스텐디드 - 영화 반도에 대한 쿠키 영상이 추가된 판본 ,9
싱크홀,"자원낭비 영화!!!이걸 연출이라고 했냐는 생각으로 보면, 타산지석으로 도움 됨. ",1
안나 카레니나,여주인공이 미스캐스팅인듯.  불륜의 죄책감에 고뇌하는 역할보다 다 때려 부시고 어쩌라고 마이웨이가 어울리게 생기셨음. ,6
싱크홀,재밌다 ㅋㅋㅋ 차승원 껄렁연기 일품 ㅋㅋㅋ ,10
호빗 : 뜻밖의 여정,초반에는 조금 지루하긴 한데 갈수록 영상미도 좋고 흥미진진해지네요. ,8
내일의 기억,잼있어요 배우들도 연기 잘하네요 ,8
장르만 로맨스,뭘 보여주려는지 모르겠는 내용 ,2
그랜드 부다페스트 호텔,두번 이상 보는 영화가 흔치 않은데..다시 보고 싶은 영화!영상미가 너무 기억에 남는손에 꼽히는 영화 ,10
장르만 로맨스,보다 나옴. 광고와 너무 다른 거 아닌지...재밌는 장면도 없고 내용도 없고... ,2
강릉,배우들 연기 좋고 스토리도 나쁘지낞음 ,10
쇼미더고스트,12세 관람가라 초딩이랑 보다가 내용에 깜짝놀랐네요..몰카에..자살에..어디서 자극적인 내용은 다 끌고와서는..12세 관람가로는 아주 부적절 하네요.. ,1
듄,내 인생영화입니다....꼭 보세요. ,10
알.이.씨,파블로가 그녀의 입을 막았을 때 최고의 짜릿함.와 연출 최고 그 시절 최고의 좀비 영화일 듯. ,9
알.이.씨,파블로는 1분에 3번만 부르기! ,10
듄,간만에 웅장해지는 영화 ,10
007 노 타임 투 다이,역시나 왜색이 들어가면 내용이 똑같아. 더 울버린을 생각나게 하는 망작. 다니엘 마지막 출연작인데 이렇게 망치나 에휴... ,2
후겟츠 웨슬리,코미디도 아닌 것이 로맨스도 아니고 멜로도 아니고... 개가 핵심도 아니네. ,6
아야와 마녀,처음에는 지브리만의 특유의 미적 아름다움이 3d로 인해 사라진듯했으나 지브리만의 3d캐릭터를 만들기위한 시도들이 돋보였고 무엇보다 스토리가 짱잼 ,10
봄날은 간다,"20년만에 다시 영화를 틀었는데, 20년전 지나가버린 줄만 알았던 내 마음이 덩그러니 빈 방에 남아버렸다. 영화는 끝나버렸는데..오래된 내 마음과 나이든 내 모습이 조우하는 우연치않은 밤. ",10
우리 집에 왜 왔니,이걸 어떻게 몰라봤지…. 여운이 정말 오래 남는 수작.. ,10
알.이.씨,티비에서 하길래 우연히봤는데 몰입감은 좋고 킬링타임용으로 ㅍㅌㅊ인데 좀비보다 여주가 더 무서움 ,6
어쩌다 로맨스,난해함 재미없음 뭔지모르겠음 ,2
이터널스,개재밌네 누가 노잼이랬냐 그냥 보세요 마블영화는 실망 안시킴 ,10
걸캅스,평점 미침?패미 ㄴ들 화력보소 ㄷㄷㄷ ,1
고양이에게 밥을 주지 마세요,발작하는 도태남들 너무 나무라지 마세요… 전두엽이 손상돼서 이러는거래요; 평생 벌레 취급만 받는 불쌍한 인생들입니다 ㅠㅠ 측은… 얼마나 현실에서 이룬게 없으면 고양이한테 열등감을 표출할까요? ,10
듄,영화의 명작을 보았습니다 ,10
듄,모든게 완벽하네요. 멋지고 진지하고 재밌고 영상미에 액션에 극장가서 보세요. ,10
싱크홀,"싱크홀로 지반만 무너지는 게 아니라는 걸 알려준 영화. 캐릭터성도 붕괴하고, 스토리도 붕괴하고, 개연성도 붕괴하고, 감동도 붕괴하고, 웃음도 붕괴하고, 결말도 붕괴한다. 이게 진심으로 재밌다면 나는 세상을 더 즐겁게 살았겠지. 네 명이서 봤는데 끝나고서 한 시간 동안 어느 부분이 가장 개연성이 없었는지로 토론을 했다. ",1
알.이.씨,리포터 소리에 좀비가 다 달려듬 개짜증나는 영화임 ,2
본 슈프리머시,맷 데먼 개멋있다 ㅠㅠ 개멋있어서 10점이요 ㅠㅠ ,10
장르만 로맨스,평점이 좀 낮은 것 같은데 전 너무 재밌게 봤어요~~신선했어요! ,10
랑종,영화 퀄리티에 비해 광고를 너무 과하게 함 .... 차라리 광고 그렇게 안했으면 욕 덜먹었을듯..겁찔이들 끼리 보면 좋을 영화 ..^^ ,1
듄,지루하다고 한 사람들 누구?? 존잼입니다 ㅜㅜ 다음편 얼른 보고싶다... ,10
싱크홀,"이상한 유머코드와 신파까지는 참을 수 있는데, 앞뒤 구분없는 스토리 전개와 개연성 상실은 정말 안타깝네요.  김성균 아들이 따라갔던 형아는 왜 갑자기 죽어있는거죠? 전화기가 내려온 급박한 순간 광수가 갑자기 직원 선물 챙겨주라는 무서운 전개 엉? ",2
디어 에반 핸슨,스토리 산으로 간다... ,2
이터널스,왜 평점이 낮은 건지 이해 안됨. 마블 영화 중 중간 이상의 영화임 ,10
행복을 찾아서,오랜만에 울었습니다... ,10
장르만 로맨스,대사가 잘 안 들르지만 내용은 괜찮았습니다. ,6
007 노 타임 투 다이,"다니엘 크레이그의 액션이 그리울거 같네요. 개인적으로 쿠바 파티장면, 바다위 배탈출 장면, 런던본부로 돌아와서 방문자 뱃지받는 장면, 그리고 스펙터의 우두머리 만나는 장면, 안개낀 숲에서 총격전, 섬에서의 마지막 활약  버릴거없이 완벽했다고 생각합니다. ",10
더 배드 배치,충격받고 아직도 생각하면 괴로움. 장르가 멜로라구욧? ,1
장르만 로맨스,"완벽한 영화라고 말하긴 어렵고, 등장인물 대부분의 나사가 빠져있지만 괜찮은 영화다. 본다는 사람이 있으면 추천할 것이다. 내 글에 공감하는 사람이라면 즐겁게 볼 법하고, 공감하지 않더라도 가볍게 보기 좋다. 이 영화에서 가장 좋은 캐릭터는 '유진'이다. 사회적 소수자인 캐릭터인데 마냥 불쌍하지도 않고(그를 둘러싼 상황은 충분히 절망스러울 법한데도.) 매우 명랑하다. 솔직하게 사랑한다고 말하지만 절대 강요하지 않는 게 매력이다. 다른 드라마였다면 마냥 진부했을 주인공과 관련 인물의 관계성도, 성소수자가 익숙하지 않은 사람들에게 분위기를 환기시켜줄 수 있는 요소로 작용했기 때문에 납득할 수 있었다. 유진이라는 캐릭터를 위한 장치로만 활용되지 않아서 더욱 그러하다. 가장 좋았던 대사는 역시 '사랑을 평가하고 재단할 수 있는지', '중요한 건 내가 사랑하는 사람이 나를 사랑하느냐와, 나를 사랑하는 사람을 내가 사랑하느냐다'다. 내 신조가 이것이라 이 대사들이 참 가슴에 와닿았고, 공감 받는 기분이 들었다. 이렇게 생각하는 사람들이 더 많아졌으면 싶다. ",10
멀홀랜드 드라이브,해석은 각자 다르겠지만 정신적으로 불안함이 극에 달하는 사람의 입장에서의 과대망상으로 나에게는 비쳐줬고 전반부의 내용들은 극중 주인공의 심리상태들의 파편이 꿈과 망상의 형태로 재해석 된 하나의 이야기로 보였다. ,9
이터널스,영화 끝나고 생각나는장면도 없고 그렇다고 액션이 화려한것도아니고 요근래 본 영화중 최악이네요 ,2
듄,진짜 중간에 나갈까 생각 많이했다 평점 좋길래 재밌을 줄 알았지 난 진짜 재미없다 솔직히  돈주고 이걸 왜 봐야하나 싶다 사막을 관찰하고 싶다면 추천한다 ,1
007 노 타임 투 다이,재밋어요 또 보고 싶네요 ,10
"고산자, 대동여지도",우리나라가 참으로 너무 아름답습니다. 고생 너무 많으셨습니다. ,10
듄,몆가지 아쉬운점이 있지만 존잼 ,9
이터널스,와 란말밖에 어후;;;; ,2
우리는 모두 어른이 될 수 없었다,"두번 보면 더 와닿는 영화. 옛사랑이, 옛기억이, 옛부끄러움이 다시 기억나게 하는, 볼때 보다 보고나니 만족하는 시간.크래딧 다 올라가고 새로운 아침인건.우리는 모두 어른이.... 어른이 되가는중이라고 느껴짐. ",8
랑종,어쩔티비저쩔티비.. ,1
샹치와 텐 링즈의 전설,마블역대최악의영화... ,2
알.이.씨,애우 몹시 아주 귀따가운 영화네요. ,4
장르만 로맨스,생각보다 평이 재각각이네요 저한테는 정말 인생 영화였습니다.. 영화관에서 이렇게 웃고 엉엉 운 적은 처음이였어요 ,10
듄,영화 상영시간에 비해 스토리 전개도 짧고내용도 없고 2시간 50분이 아깝다알바 댓글에 속지 마세요다들 자다 일어난 얼굴이었음불면증있는분 영화보시면 나아지실듯 ,2
디어 에반 핸슨,싸구려감성.~~니까 괜찮아식 구성이 전지구적 문제였구나 ,2
이터널스,움....음... 오프닝만 살리고 다시 찍어 주면 안 될까? ,3
사랑한다면 이들처럼,사랑한다면 이들처럼 하진 말아야 할 것 같은데 ,6
알.이.씨,좀비 있는데 저렇게 소리치는 영화는 처음보네 ,4
샹치와 텐 링즈의 전설,양조위... 양조위 최고...샤링 최고... 캐스팅 너무 좋아요... ,10
헌터 킬러,사나이 가슴에 뜨거운 무언가.. ,8
듄,"이 영화 재밌다고 하는 사람들 심보가 궁금합니다. 나도 재미없으니 다른 사람들도 꼭 보고 시간 낭비하라는건지. 평점 높아서 봤는데 음악으로 따지면 홍대병 심하게 걸린 사람이 듣는 인디음악 같은 느낌.갑자기 등장하는 몽환적인 화면에, 알수없는 대사, 뭔 소린지 알수없는 음악까지.의미는 하나도 없는 장면이 반복되고, 그냥 멋있어 보이려고 한장면 한장면 따로 찍어 놓은 영화 ",2
샹치와 텐 링즈의 전설,"하 내가 뭘본거지,,,, ",2
싱크홀,깨알재미있음.딜라이브로 봤는데 ㅎㅎ ,10
고장난 론,기대를 너무 많이 하고 봤나봐요.. 그래도 재미는 있습니당 ,7
이터널스,1점도 주기 아깝다 간만에 쓰레기영화봤네 ,1
디어 에반 핸슨,그래도 볼만한 영화임 ,8
디어 에반 핸슨,딱 제취향 뻔한데 제 취향임 ,10
샹치와 텐 링즈의 전설,"지금까지 항상 지겹게 봐왔던 전개. 대신 헐리웃에 화려한 CG액션씬만은 볼만했다. 북미에서 자란 시무와 아콰피나, 연기경력 오래된 양조위,양자경을 제외하면 출연한 중국배우들 대다수가 연기력이 어색함. 특히 그 여동생역. 이럴거면 수현이나 다시 복귀시켜라. 중국에게 잘보일려고 단행본도 근래에 샹치시리즈로 더  밀어주고 있고 비인기 캐릭터였던 샹치를 어벤져스에도 집어넣은듯한 인상. ",5
장르만 로맨스,"웃음만을 기대했다면 오산! 유쾌한 전개이면서도 서로 다른 가치관에 대한 존중과, 사랑과 관계에 관한 근본적 의미를 되새기게 되는 작품. 극의 중점에서 몰입감을 책임지는 명품연기 류승룡님과 신예 유진역 두 분이 주인공이 아닐까? 그 관계가 비록 일방적이거나 소수의 그것이라 할지라도 사랑이라는 순수하고 아름다운 감정을 인정하고 존중하며, 그 의미는 크게 다르지 않다고 말하고 있는 영화라는 점에서 전혀 거부감 없이, 기존의 다양성을 다룬 영화와 차별점을 느꼈다.유쾌함 속에서 문득 내 마음속의 순수를 돌아본 시간 ",10
이터널스,Made in china 같음. 진짜 최악임 ,1
원 데이,너무 예쁜 사랑이야기 ㅎㅎ  물론 여자가 조금 더 마음아픈 사랑이야기였지만 ㅠㅠ남ㅈㅏ는 깨닫는데 시간이 오래걸리는 ,10
머니볼,야구 본적도 없었는데 진짜 재밌게 봤음 ,10
귀멸의 칼날: 나타구모산 편 ,벽력일섬 6연이랑 히노카미 카구라를 큰 화면으로 볼 수 있는 찬스 ,10
싱크홀,이거 평점 왜이리 낮아요? 이해안됨 엄청 재밌게 봤어요 무거운영화인줄 알고 뻔하겠네 했지만 극한직업만큼 재밌게 봤습니당~~~ 강추드려요~~~♡♡♡ 이거 재미없다는분들은 뭘 보더라도 다 재미없다고 하실분들이세요 그런분들 믿거 하세요~~~ ,10
캡틴 마블,잉 난 즐겁게 보았는데 머지ㅜㅜ ,10
헌츠맨: 윈터스 워,1편보다는 나은 듯... ,10
장르만 로맨스,"적당히 웃기고 메시지도 있고, 웃음의 7할을 책임진 성유빈 배우의 연기가 가장 기억이 많이 남았다. 나름 볼만했다 ㅎㅎ ",7
더 킹,현실을 잘 반영한 영화입니다. ,10
레드 노티스,진짜 이건 아니다 ㅎㅎ 말장난만하다가 끝남 ㅋ 액션도 없고 두번에 끊어보다가 포기함 ㅎㅎ ,2
이터널스,야 하루종일 왠 사랑타령이야! 하루종일 뽀뽀만 쳐하다가 왜 길가메시 만 죽여 장난하냐??? ,1
비바리움,처음에만 그럴싸하고 반전없음. 등장인물증 악마 새끼 후들겨 패고 싶음 ,2
레드 노티스,"드웨인 존슨 , 라이언 레이놀즈 두 분이 나온데서 보았는데... 너무 기대를 했나요.액션이... 이 정도는 아니였던거 같은데... 갈 가도트?! 원더우먼 보다 만 이유가 이랬나봐요;;;액션이 어.... 음.... 네. ",4
장르만 로맨스,로코인줄 알고 봤는데 .... 속았다 ,2
장르만 로맨스,그냥..저냥..ㅎ볼게없어서 보긴했는데 기대안하고본것치고 그냥그래요 ,6
이터널스,마블의 스케일이 더 커진것 같아서 엄청 기대한다 스파이더맨 노웨이홈도 기대된다 ,10
무수단,음...중간에 확실히 느낄수있는건 분명 이건 북한영화닷!이란 확신 ㅎ 진짜 감독 안부끄럽나? 진짜 북한에서 만들어도 이것보단 낫겠다. 도대체 시나리오짤때 머하는건지. 아니 한번도 눈에 띄지않는 대상을 갑자기 돌연변이라고 부르질않나 괴생명체 눈깔에 보이는장면만 보여주고 도대체가 종반까지 제대로 보여주지도않고. 돌연변이 숙주라면서 어떻게 사람을 죽이는건지 한번도 제대로 나오질않는다. 돌연변이가 남이든 북이든 다 쓸어버린다면서 그게 만약 감염때문에 그런건지 괴물의 물리적힘  때문에 그런건지...진짜 역대급 쓰렉 영화닺 ,2
1984 최동원,80년대를 생각하며 잘 봤습니다 ,10
더블패티,오글거리면서도 가슴속에 뜨끈한 국밥 한 그릇이 팔팔 끓고 있는것 같네요. ,10
이터널스,기대보다별로..지루하고 뜬금포같은 장면이 많음..글고 주연 여배우가 내취향이 아니라 별로였음 ,4
걸캅스,오또케 오또케 오또케 오또케 ,1
듄,장시간이 어떻게 지나갔는지 모르겠네요... ,10
모가디슈,테러 영화를 굉장히 좋아하는 사람으로서 영상미와 영상에서의 소리 등이 매우 보는 사람의 마음을 움찔움찔하게 만들고 영화를 볼때 긴장이 되고 중간중간에 놀라는 부분이 있긴 한데 영화를 보고 난 후에도 계속 기억에 남고 또 보고싶은 영화입니다. 배우들더 연기를 너무 잘해서 몰입도 훨씬 잘 되고 실제상황을 연출한 영화이기 때문에 더 재밌었고 마음이 슬퍼지는 영화였습니다. ,10
라스트 모히칸,이건 죽기전에 꼭 봐야 할 명작 ,10
이터널스,그냥 마블스러운 영화로 재미있음 ,9
쥬라기 월드: 폴른 킹덤,정말 잼있게 보았습니다 ,10
듄,친절하지 않은 스토리 구성이지만 사전 지식을 알고 본다면 더 재밌게 볼 수 있습니다. 영상미는 대단.. ,9
이터널스,재미없다. 시간이 아깝다. ,2
이터널스,최악입니다.악둥의악상오브더악 ,2
장르만 로맨스,안 웃기다고 하는 분들은 감성이 없는건가요저근 보는내내 웃고 나왔는데요 ,10
장르만 로맨스,웃기려면 더 웃겼어야 했고 원톱 주인공보단 다른 캐릭터가 훨씬 임팩트 있었음 그래도 마지막 장면이 깔끔했던 영화 ,7
지존계상,유덕화 헤어스타일은 지금봐도 예술인듯 ,10
디어 에반 핸슨,"한국어버전노래듣고 너무 좋아서 영화까지 보게됐는데, 스토리는 한국정서상 맞지 않을 수 있어도 노래만 듣는데 힐링되네요.배우들 연기와 노래는 훌륭하구 영상미도 좋아용! 두 번 보려구요 ",10
싱크홀,언제 끝나나 기다림 잼 없어요 ,2
장르만 로맨스,역시 류배우님~빠져드는 연기.목소리 ~일품입니당! ,10
아메리칸 셰프,정말 배고파진다... ,9
듄,소설이 있었다는 것도 영화를 봐서 알았어요이 러닝타임이 원작1편의 반절에 불과하다니;;벌써 듄2가 기대됩니다!! ,10
듄,"연출, 연기, 음악 등은 나무랄 데가 없지만 스토리 자체가 그동안 많이 보아온 중세물 혹은 판타지물의 재탕입니다. 새로울 게 없는 이야기 구조가 아쉽네요. 근본적인 문제라 어떻게 고칠 도리도 없네요. 아무튼 감동 면에서는 보통입니다. ",7
쥬라기헌터,이 영화 끝까지 보면 몸에 코로나19 항체가 생김.감상 포인트가 없는 영환데 뭔 감상 포인트를 선택 하라고..ㅈㄹ ,2
디어 에반 핸슨,"""넌 혼자가 아니야""에서 오열.... 그냥좋다 그저좋다... 너무잔잔해ㅠㅜㅜ 딘짜 위대한쇼맨이후로 이런 영화너무 원했는데 그저 감사합니다 위대한쇼맨제작진분들♡ ost 다 최고야그냥,,, ",10
레드 노티스,코믹액션 느낌강한 시리즈 좋아하시면 재미있어요~@~ ,10
모가디슈,연출과 연기..실화를 바탕으로 한 소재. 엄청난 셋트장. 어떤 스토리가 잘 됐다기 보다 실화니까~ 영화자체는 참 잘 만들었단 생각이 든다. 배우 스텝 고생하셨습니다~ ,8
로건,몇번을 봐도 감동.. 돌아와요 로건ㅠㅠ ,10
이터널스,"전혀 다른 스타일의 마블영화.스토리 위주라 호불호가 갈릴듯 하지만, 새로운 재미가 있었음 ",7
007 노 타임 투 다이,"다니엘 크레이그 옛정때문에 끝까지봤다. 007시리즈를 전혀 이해하지 못한 일본계감독의 한계에, 무리한 일본색 남용이 샘 멘더스 감독이 쌓아논 007의 새로운 컬러를 다 똥칠해서 망쳤다. 다니엘 크레이그도 이렇게 마무리하고 싶지 않았을것. ",1
프렌치 디스패치,아트아트아트아트예술예술예술예술영화영화영화영화프렌치프렌치프렌치프렌치. 신누벨바그를 불러일으키고싶은 부흥운동의 일환일까? 레아세이두라는 새로운 프랑스의 얼굴과 몸(!)을 앞세우고 프랑스 풍의 카툰마저 더한 프랑스이고 싶은 영화! ,8
너에게 가는 길,그 누구와 보아도 좋은 영화.더 많은 사람들이 보길 바라는 영화.이 영화의 이야기와 관계 없을 수 없는 온 세상 사람들을 위한 영화. ,10
듄,"와 진짜 대작임배우들 연기,연출,스토리 하나도 빠지는게 없어... ",10
듄,sf완결판sf완결판 ,10
이터널스,"씨지브이에서.봤는데 화면어두워서 몰입에 방해됐고(의자는좋더구만), 쓸데없는 에로스로 시간끌고, 드라마에 액션 좀 있는 전형적인 미드 히어로이니까 마음비우고 보이소 ",6
나쁜 피,잼나요.감정의 흐름이 좋아요 ,10
악마를 보았다,두 배우의 연기와 표현력은 정말 압도적이였습니다..마지막 엔딩마저 갓벽합니다.. 이병헌 연기쩔어.. ,10
이터널스,감상포인트 1도 없다. 감독이 말아먹은 영화. ,1
모가디슈,오랜만에 킬링타임 한국영화 ,7
인트로덕션,인간의 발견^^잘 사십니까? ,9
카우보이 비밥 - 천국의 문,왕가위의 영화를 매우닮은 일본 애니메이션의 한 획을 그은 대작 ,8
듄,와 너무너무 재밋음 스케일 장난아님 와 ,10
로크,자신이 사랑한다고 한번에 말할수있는 여인과  자식들에게는  자신의 친아빠같은사람이 되어버렸다.  책임감 운운하지만 정작 책임감있는사람은 그런실수를 안한다는거. ,4
007 노 타임 투 다이,지루하다. 감상포인트를 고를 게 없어서 ost를 골랐지만 ost가 좋아서 고른 건 아니다. 형편없이 엉성한 플롯으로 이야기를 무진장 질질 끌고 간다. ,4
듄,진짜 졸라 잼씀 꼭 ㅂ셈 ㄹㅇ 띵작임 ,10
듄,지루함 끝없이 지루함 계속 지루함 ,1
26년,역사를잊지말자 수치도역사다 ,10
26년,역사를잊지말자 수치도역사다 ,10
말할 수 없는 비밀,정말 최고영화입니다 강추강추♡ ,10
강릉,배우들의 연기가 압권입니다~ 강추요 ,8
도신 - 정전자,홍콩 도박 영화의 최고봉 ,8
장르만 로맨스,적당히 볼만했음 적당히웃기고 괜찮았음 ,8
아웃포스트,눈앞에서 펼쳐지는 실전을 방불케하는 전투에 감동했다. ,9
이터널스,난 좋았음. 주변에도 물어보면 반반정도 별로다 재밌다로 나뉘는데 케바케인듯. 봐야 알듯. 전체적으로 인물들 보는 재미가 있었고 긴 시간이라고 안 느껴질만큼 흥미있게 봤음 . 결론 봐주는 걸 추천 ! ,8
